absence_days,weekly_self_study_hours,math_score,history_score,physics_score,chemistry_score,biology_score,english_score,geography_score,gender_female,gender_male,part_time_job_False,part_time_job_True,extracurricular_activities_False,extracurricular_activities_True
3,27,73,81,93,97,63,80,87,0,1,1,0,1,0
2,47,90,86,96,100,90,88,90,1,0,1,0,1,0
9,13,81,97,95,96,65,77,94,1,0,1,0,0,1
5,3,71,74,88,80,89,63,86,1,0,1,0,1,0
5,10,84,77,65,65,80,74,76,0,1,1,0,1,0
2,26,93,100,67,78,72,80,84,1,0,1,0,1,0
3,23,99,96,97,73,88,76,64,0,1,1,0,0,1
2,34,95,95,82,63,84,70,85,0,1,0,1,0,1
6,25,94,68,94,85,81,74,72,0,1,1,0,1,0
3,18,98,69,88,71,67,71,73,1,0,1,0,0,1
2,7,65,60,97,94,71,81,66,1,0,1,0,1,0
1,7,80,61,100,65,87,64,61,0,1,1,0,1,0
7,4,94,59,69,67,89,65,73,1,0,0,1,1,0
10,2,66,94,86,100,57,90,63,1,0,1,0,1,0
3,39,96,90,86,92,92,95,87,1,0,1,0,1,0
6,0,94,50,78,64,79,74,84,0,1,1,0,1,0
3,30,92,64,93,91,80,89,72,1,0,1,0,0,1
2,28,86,83,85,79,93,76,77,0,1,1,0,0,1
1,37,92,87,92,99,97,87,86,0,1,1,0,1,0
2,27,99,65,98,75,66,72,100,1,0,1,0,1,0
3,15,100,90,72,98,73,97,72,0,1,0,1,1,0
8,4,57,55,78,94,83,88,88,0,1,1,0,1,0
9,2,89,72,68,72,71,54,90,1,0,1,0,1,0
9,1,50,76,81,55,56,80,79,0,1,1,0,1,0
4,35,87,91,90,88,95,88,93,1,0,1,0,1,0
5,22,92,86,87,81,93,90,99,1,0,1,0,1,0
3,34,100,77,80,94,63,90,90,0,1,1,0,1,0
0,23,64,75,93,79,81,96,85,0,1,1,0,1,0
1,17,79,65,99,71,76,77,83,0,1,1,0,0,1
3,19,82,100,61,97,30,74,73,1,0,1,0,1,0
0,14,88,69,87,100,88,85,72,1,0,1,0,1,0
4,30,70,68,92,74,82,85,72,1,0,1,0,1,0
4,30,77,96,98,89,85,62,62,0,1,1,0,1,0
1,24,99,84,84,78,78,77,68,1,0,1,0,1,0
3,31,90,93,91,80,86,69,62,1,0,1,0,0,1
1,21,65,70,78,98,80,66,65,1,0,1,0,1,0
2,19,99,94,87,71,89,91,96,0,1,1,0,0,1
1,29,92,100,85,89,81,91,88,0,1,1,0,1,0
4,21,77,64,64,88,94,82,78,0,1,1,0,1,0
4,18,92,60,66,87,60,83,95,0,1,1,0,1,0
4,31,85,97,64,90,79,81,81,1,0,1,0,1,0
7,4,65,55,66,50,88,56,86,0,1,0,1,1,0
6,3,93,94,92,77,87,98,63,1,0,0,1,1,0
4,3,97,99,85,96,91,68,66,1,0,1,0,1,0
4,3,54,99,79,57,53,95,83,0,1,0,1,1,0
5,5,88,53,50,58,84,53,96,0,1,0,1,0,1
5,27,71,85,93,68,100,91,87,1,0,1,0,0,1
0,28,81,98,74,70,97,65,65,0,1,1,0,0,1
4,32,80,78,86,80,64,68,100,1,0,1,0,1,0
0,14,100,89,90,93,30,83,74,1,0,1,0,1,0
6,16,76,72,96,65,89,87,94,0,1,1,0,0,1
2,24,99,81,73,70,85,86,61,1,0,1,0,1,0
9,0,64,70,61,81,82,51,70,0,1,1,0,1,0
3,32,90,96,86,61,89,98,68,1,0,1,0,1,0
2,3,85,100,92,68,60,77,83,0,1,1,0,1,0
6,31,91,60,84,88,76,71,99,1,0,1,0,1,0
3,21,95,72,79,86,87,81,62,1,0,1,0,1,0
2,18,94,78,73,97,67,78,99,0,1,0,1,1,0
7,26,94,89,64,96,91,95,77,0,1,1,0,1,0
4,23,89,99,90,79,85,96,98,0,1,1,0,1,0
2,1,91,81,88,71,78,83,76,1,0,1,0,1,0
5,33,83,86,61,99,99,88,73,1,0,1,0,1,0
7,2,98,65,53,64,52,96,62,0,1,1,0,1,0
1,34,83,97,65,88,67,95,69,1,0,1,0,1,0
2,18,91,73,99,70,63,80,78,0,1,1,0,1,0
6,2,90,54,77,74,76,96,88,1,0,0,1,1,0
3,27,92,86,66,69,100,71,80,0,1,1,0,1,0
2,8,64,64,73,76,72,97,91,0,1,1,0,1,0
4,14,90,70,85,60,81,71,88,0,1,1,0,1,0
10,22,99,81,96,69,91,87,83,0,1,1,0,0,1
1,15,89,66,93,81,86,88,70,1,0,1,0,1,0
3,22,62,87,93,83,93,97,73,1,0,0,1,1,0
10,1,61,70,69,64,59,78,80,0,1,0,1,1,0
8,3,51,54,66,87,99,58,68,0,1,0,1,1,0
2,20,85,100,64,68,73,81,87,1,0,1,0,1,0
7,27,99,90,96,92,100,98,77,1,0,1,0,0,1
3,24,87,63,60,90,89,99,80,1,0,1,0,1,0
1,5,75,91,80,93,74,93,65,1,0,1,0,0,1
7,34,88,94,80,63,68,77,64,1,0,1,0,1,0
3,16,87,79,89,68,93,75,92,0,1,1,0,1,0
3,3,87,67,94,92,62,58,65,1,0,0,1,1,0
1,15,76,67,83,85,91,61,67,1,0,1,0,1,0
7,11,60,80,61,63,95,92,75,1,0,1,0,1,0
7,32,85,65,99,100,88,93,72,0,1,1,0,1,0
3,28,73,67,70,71,65,73,87,0,1,1,0,1,0
1,24,85,71,69,80,70,77,66,0,1,1,0,1,0
2,9,91,76,71,72,92,67,90,1,0,1,0,1,0
3,14,99,95,83,89,81,63,70,1,0,1,0,0,1
3,16,93,96,68,87,69,89,100,0,1,1,0,1,0
3,29,89,75,60,80,62,85,73,0,1,1,0,1,0
0,14,95,78,95,73,32,65,68,0,1,1,0,1,0
4,10,68,82,95,63,62,98,93,0,1,1,0,1,0
5,31,98,73,73,77,87,98,83,0,1,1,0,1,0
4,34,79,92,79,76,84,67,86,0,1,1,0,1,0
5,3,78,79,73,96,64,93,85,1,0,1,0,1,0
2,34,100,98,89,85,81,64,94,1,0,1,0,0,1
3,2,86,76,84,93,76,69,91,1,0,1,0,0,1
3,4,87,89,93,98,79,72,88,0,1,1,0,1,0
0,28,100,93,85,61,96,83,86,0,1,0,1,1,0
0,5,85,89,94,69,99,93,98,1,0,1,0,1,0
2,4,87,73,98,91,79,60,77,1,0,1,0,1,0
2,25,96,80,100,61,81,98,65,1,0,1,0,1,0
5,29,76,87,64,74,73,90,99,0,1,1,0,1,0
6,1,90,80,63,94,64,70,79,0,1,0,1,1,0
7,2,65,60,100,91,87,78,99,1,0,1,0,1,0
2,0,98,97,62,89,62,95,77,1,0,1,0,1,0
3,16,91,80,97,89,94,95,84,1,0,1,0,1,0
3,31,86,81,83,81,81,77,86,0,1,1,0,0,1
1,4,91,93,72,61,61,87,95,1,0,1,0,1,0
5,13,78,69,82,60,64,77,82,0,1,1,0,0,1
4,24,76,89,89,83,89,90,64,0,1,1,0,1,0
9,2,82,54,85,57,50,54,76,1,0,0,1,1,0
2,4,45,85,94,76,57,93,86,0,1,0,1,0,1
1,22,92,75,65,97,61,76,81,1,0,1,0,1,0
6,0,43,65,91,75,64,94,100,0,1,1,0,0,1
2,24,96,66,69,65,72,84,77,0,1,1,0,1,0
6,1,78,71,50,55,54,97,95,1,0,1,0,1,0
1,19,68,96,64,70,74,63,75,1,0,1,0,1,0
1,19,93,73,94,65,60,63,93,0,1,1,0,0,1
6,5,55,93,67,74,55,60,64,1,0,1,0,1,0
0,13,66,90,83,80,76,90,91,1,0,0,1,1,0
4,26,98,92,91,99,97,88,75,0,1,1,0,1,0
4,41,94,94,94,89,85,86,85,0,1,1,0,1,0
3,47,96,100,96,91,91,96,89,1,0,1,0,1,0
2,9,69,62,82,89,81,72,71,1,0,1,0,1,0
4,7,77,95,98,69,60,89,71,1,0,1,0,1,0
1,3,89,67,86,87,87,68,78,0,1,1,0,1,0
4,14,96,67,80,83,86,77,75,0,1,1,0,0,1
4,26,82,70,80,70,96,69,86,1,0,1,0,1,0
6,27,99,97,64,90,87,68,69,0,1,1,0,0,1
5,25,96,73,90,85,63,84,87,1,0,0,1,1,0
4,16,95,82,66,63,67,92,69,1,0,0,1,1,0
4,27,90,63,69,80,99,69,79,1,0,1,0,1,0
6,0,88,52,53,56,85,93,78,0,1,0,1,1,0
1,3,87,62,87,96,85,90,74,0,1,1,0,1,0
2,6,62,83,84,75,83,85,86,1,0,1,0,1,0
2,12,85,65,60,78,81,96,76,0,1,1,0,1,0
1,11,79,97,76,67,61,90,95,1,0,1,0,0,1
4,23,90,94,98,96,68,82,81,1,0,1,0,1,0
2,23,97,71,82,80,97,93,78,0,1,1,0,1,0
0,16,88,69,87,81,77,67,93,0,1,1,0,1,0
2,3,71,85,77,89,98,63,100,0,1,0,1,0,1
1,29,70,99,79,96,60,97,100,1,0,1,0,1,0
3,18,93,68,76,99,80,80,75,0,1,1,0,0,1
0,3,92,79,81,61,86,72,88,1,0,1,0,1,0
3,6,83,72,68,94,100,98,92,0,1,1,0,1,0
8,2,68,97,51,93,68,58,78,0,1,1,0,1,0
0,34,92,90,65,79,96,87,74,0,1,1,0,1,0
4,22,69,91,82,99,94,75,74,1,0,1,0,0,1
5,4,76,72,72,65,82,71,93,1,0,0,1,1,0
3,3,86,92,79,73,73,61,60,1,0,1,0,1,0
10,2,41,57,97,56,50,98,83,0,1,0,1,1,0
5,18,91,100,84,72,84,90,82,1,0,1,0,1,0
0,8,78,67,82,70,65,68,81,0,1,1,0,1,0
1,33,89,73,85,84,73,81,98,1,0,1,0,1,0
0,13,96,71,88,74,80,92,65,0,1,1,0,0,1
0,17,66,99,85,90,76,64,95,1,0,1,0,0,1
8,1,97,54,62,66,58,69,96,0,1,0,1,1,0
7,3,49,64,97,61,62,72,65,0,1,0,1,0,1
4,33,88,66,96,82,65,76,79,0,1,0,1,0,1
1,12,92,64,77,61,76,72,87,0,1,1,0,1,0
3,24,96,66,92,88,65,76,72,0,1,0,1,1,0
4,33,86,88,99,79,93,97,91,0,1,1,0,1,0
1,44,86,100,100,96,95,97,93,0,1,1,0,0,1
1,15,88,72,96,60,90,80,88,1,0,1,0,1,0
2,5,92,81,99,98,77,80,73,1,0,1,0,1,0
7,5,87,76,71,65,64,81,61,1,0,0,1,1,0
5,22,89,94,67,68,69,92,76,1,0,1,0,1,0
1,9,97,96,66,96,71,97,66,0,1,1,0,1,0
4,34,100,62,67,97,73,84,99,0,1,1,0,0,1
1,34,91,98,76,99,65,98,71,1,0,1,0,1,0
4,25,81,87,65,85,74,64,81,1,0,1,0,1,0
5,31,82,66,89,76,68,83,79,1,0,1,0,0,1
1,33,100,96,75,68,77,97,81,0,1,1,0,1,0
10,3,65,100,80,83,57,81,81,1,0,1,0,0,1
2,20,68,100,89,75,84,78,90,0,1,1,0,1,0
3,15,97,92,95,75,95,90,83,0,1,1,0,1,0
3,26,76,94,77,88,85,91,61,1,0,1,0,1,0
5,35,91,99,94,94,95,98,89,1,0,1,0,1,0
4,12,85,73,89,73,97,66,79,0,1,1,0,1,0
2,5,68,69,86,87,72,80,93,0,1,1,0,0,1
1,31,73,99,75,70,100,86,62,0,1,1,0,1,0
3,28,65,90,75,96,91,93,85,1,0,1,0,0,1
8,5,46,79,75,86,91,88,77,0,1,1,0,0,1
1,33,92,84,85,77,81,69,95,1,0,1,0,1,0
3,2,69,78,69,70,100,88,85,1,0,1,0,1,0
5,9,78,99,64,99,65,84,80,1,0,1,0,0,1
2,0,92,62,86,97,54,76,76,1,0,0,1,0,1
5,26,70,77,91,96,100,89,67,0,1,1,0,1,0
5,30,95,79,98,95,89,99,87,1,0,1,0,1,0
7,1,99,82,93,83,92,90,60,1,0,1,0,1,0
1,26,96,66,79,80,88,61,85,0,1,1,0,0,1
2,2,85,90,85,74,96,71,80,1,0,1,0,1,0
5,9,91,94,82,100,68,66,69,0,1,1,0,1,0
2,30,85,64,93,80,82,70,94,1,0,1,0,1,0
3,24,94,73,61,68,65,85,67,1,0,1,0,1,0
4,21,95,69,62,87,84,83,64,0,1,1,0,1,0
2,14,69,90,83,70,83,91,67,1,0,1,0,1,0
1,24,95,72,94,96,91,61,94,1,0,1,0,1,0
3,34,94,88,65,88,60,81,78,1,0,1,0,1,0
1,34,82,81,100,81,60,79,96,0,1,1,0,0,1
6,27,99,73,91,91,93,80,100,0,1,1,0,0,1
3,16,85,62,84,80,37,80,71,1,0,1,0,1,0
1,21,100,87,60,92,46,67,96,1,0,1,0,0,1
1,1,98,95,90,81,82,86,98,1,0,1,0,1,0
3,17,97,78,81,67,90,95,79,0,1,1,0,1,0
5,0,99,86,68,94,97,77,92,0,1,1,0,1,0
3,12,99,73,77,74,62,68,99,0,1,1,0,0,1
2,22,75,83,70,71,86,95,76,1,0,1,0,1,0
1,14,63,80,99,78,60,84,86,1,0,1,0,0,1
0,41,96,88,90,100,94,87,96,0,1,1,0,1,0
4,32,91,73,86,73,84,60,71,0,1,1,0,1,0
1,4,52,58,60,97,93,89,68,0,1,0,1,1,0
1,22,99,71,80,82,95,64,64,1,0,1,0,1,0
3,17,84,62,92,74,73,98,91,1,0,1,0,1,0
2,2,100,90,82,79,94,83,78,0,1,1,0,1,0
4,33,82,71,93,90,90,76,97,1,0,1,0,1,0
5,29,75,88,65,80,76,94,97,1,0,1,0,1,0
1,27,66,71,94,72,96,70,63,1,0,0,1,1,0
6,34,99,88,72,76,68,92,72,0,1,1,0,0,1
3,2,99,76,94,88,75,66,84,0,1,1,0,1,0
3,22,95,87,79,95,84,90,74,1,0,1,0,1,0
7,33,99,61,75,68,66,90,99,0,1,1,0,1,0
5,17,65,72,96,69,78,93,72,0,1,1,0,1,0
7,4,85,55,74,71,66,50,99,0,1,1,0,1,0
7,3,69,78,57,72,71,96,87,1,0,1,0,0,1
7,3,75,76,88,65,97,83,85,1,0,1,0,1,0
7,17,91,78,72,69,77,91,96,1,0,1,0,0,1
3,6,92,95,61,98,89,85,80,0,1,1,0,1,0
7,9,62,64,65,86,67,94,68,0,1,1,0,1,0
2,35,87,91,98,94,100,87,89,0,1,0,1,1,0
3,17,97,88,87,61,86,92,94,1,0,1,0,1,0
1,7,97,92,79,88,92,99,85,1,0,1,0,1,0
5,16,98,88,92,84,90,90,71,0,1,1,0,1,0
1,20,96,67,88,95,82,75,84,1,0,1,0,1,0
7,0,98,89,81,56,72,74,94,0,1,0,1,1,0
2,27,87,82,95,81,85,84,73,0,1,1,0,1,0
0,24,96,80,86,94,63,72,75,0,1,1,0,1,0
2,30,82,74,77,95,81,76,91,0,1,1,0,1,0
6,20,100,72,99,64,70,93,67,0,1,1,0,1,0
0,27,91,81,91,76,100,92,87,0,1,1,0,1,0
6,2,87,62,85,64,63,61,85,0,1,1,0,1,0
6,16,75,95,84,87,78,82,86,1,0,1,0,1,0
1,27,86,78,61,71,94,92,65,0,1,0,1,1,0
4,24,94,62,97,96,74,68,69,0,1,1,0,0,1
4,23,99,64,92,78,30,78,88,0,1,1,0,1,0
1,15,84,91,94,66,78,71,93,0,1,1,0,1,0
3,25,92,81,68,96,99,92,79,0,1,1,0,1,0
2,32,95,84,95,72,62,80,83,1,0,1,0,1,0
3,35,90,88,94,99,92,87,97,0,1,1,0,1,0
3,3,93,100,87,66,85,96,87,1,0,1,0,1,0
1,28,69,63,88,73,83,74,94,1,0,1,0,1,0
1,3,97,80,80,65,91,67,84,0,1,1,0,1,0
0,21,76,72,80,92,41,90,78,1,0,1,0,1,0
3,35,85,85,92,86,99,86,93,0,1,1,0,1,0
7,35,91,87,89,97,93,87,100,1,0,1,0,0,1
7,14,82,95,92,62,73,75,93,1,0,1,0,0,1
7,1,59,56,87,97,62,74,61,1,0,0,1,1,0
9,0,78,71,73,51,80,84,65,1,0,1,0,0,1
2,12,89,65,82,65,76,95,62,0,1,1,0,1,0
3,35,86,91,92,96,90,96,90,1,0,1,0,1,0
4,2,76,93,65,95,76,88,88,0,1,1,0,1,0
2,16,79,68,63,72,81,67,67,0,1,0,1,1,0
3,31,91,96,77,76,80,97,80,1,0,1,0,1,0
5,4,89,66,80,77,60,88,74,0,1,1,0,1,0
3,19,97,94,81,97,79,86,63,0,1,1,0,1,0
3,15,100,86,74,96,80,99,76,1,0,1,0,0,1
1,30,96,68,87,96,91,68,65,1,0,1,0,1,0
7,17,94,64,100,71,84,92,99,1,0,1,0,1,0
2,23,98,68,80,75,80,81,60,1,0,1,0,1,0
1,3,53,71,98,95,94,71,77,0,1,1,0,1,0
7,4,44,64,58,66,87,62,68,1,0,1,0,1,0
0,25,85,70,73,95,100,70,94,0,1,1,0,1,0
10,1,51,91,67,79,58,52,75,0,1,0,1,1,0
1,24,90,89,82,74,67,92,82,0,1,1,0,1,0
1,15,100,92,90,66,73,68,70,0,1,1,0,1,0
7,1,95,73,61,91,84,92,94,1,0,0,1,1,0
1,33,76,81,96,74,75,80,98,0,1,1,0,0,1
1,11,71,98,96,60,90,79,72,1,0,1,0,1,0
3,10,95,60,87,71,91,84,98,0,1,1,0,1,0
7,15,92,88,76,93,69,75,97,1,0,1,0,0,1
5,34,82,95,96,100,89,64,91,0,1,1,0,1,0
3,30,85,94,83,76,77,81,92,0,1,1,0,1,0
4,4,82,85,75,92,76,95,85,1,0,0,1,0,1
2,28,98,77,94,63,69,88,100,1,0,1,0,1,0
5,29,93,96,94,84,91,67,68,0,1,1,0,0,1
7,30,84,97,60,100,83,88,94,1,0,1,0,0,1
4,31,81,95,76,60,61,98,77,0,1,1,0,1,0
8,1,62,64,84,67,78,51,62,1,0,1,0,1,0
6,16,92,70,60,94,87,90,86,1,0,1,0,1,0
2,18,64,93,61,61,74,94,64,1,0,1,0,0,1
1,4,89,67,97,67,75,94,93,1,0,0,1,1,0
8,32,99,88,84,87,36,96,86,1,0,1,0,1,0
2,12,95,82,93,99,66,93,86,1,0,1,0,1,0
6,5,72,92,67,100,70,94,81,1,0,0,1,1,0
2,15,68,89,68,90,68,99,74,1,0,1,0,0,1
3,31,92,69,78,68,70,80,73,1,0,1,0,1,0
2,2,97,74,97,60,65,90,97,0,1,1,0,1,0
1,2,81,92,94,77,84,63,64,1,0,1,0,1,0
3,20,88,60,81,85,87,90,76,0,1,1,0,1,0
1,11,76,82,70,72,78,60,81,0,1,1,0,0,1
10,26,77,62,97,82,74,98,95,1,0,1,0,1,0
3,22,89,81,99,71,67,74,89,1,0,1,0,1,0
1,12,65,69,66,65,90,76,60,1,0,1,0,0,1
10,4,82,55,76,63,70,61,60,1,0,0,1,1,0
3,34,77,60,61,91,62,78,91,1,0,1,0,1,0
0,9,66,70,88,70,62,70,75,1,0,1,0,1,0
5,43,90,96,100,87,100,90,89,1,0,1,0,1,0
2,1,73,87,90,96,61,61,76,1,0,1,0,1,0
2,19,89,64,74,97,95,77,88,1,0,1,0,1,0
4,2,72,55,54,62,75,79,96,1,0,0,1,1,0
1,34,87,90,89,88,93,87,70,0,1,1,0,1,0
4,31,75,98,96,85,81,69,90,1,0,1,0,0,1
4,11,80,85,98,99,92,70,96,1,0,1,0,1,0
2,35,85,87,87,90,91,91,99,0,1,1,0,1,0
4,20,92,93,74,76,79,65,74,0,1,1,0,1,0
0,22,63,60,92,88,90,68,100,1,0,0,1,1,0
3,2,99,99,87,80,89,78,87,1,0,1,0,1,0
7,1,87,88,51,96,77,71,61,0,1,1,0,1,0
4,34,87,84,62,76,89,83,93,1,0,1,0,1,0
6,17,90,75,71,64,97,89,88,0,1,0,1,1,0
6,34,94,83,99,100,94,91,69,0,1,1,0,1,0
5,25,86,76,81,83,81,70,65,1,0,0,1,1,0
3,8,96,81,95,78,79,65,86,0,1,1,0,1,0
3,4,75,69,85,73,79,93,74,0,1,1,0,1,0
1,26,74,92,81,79,74,85,86,1,0,1,0,0,1
1,13,96,91,96,69,70,99,70,0,1,1,0,1,0
1,4,79,77,62,98,76,99,82,1,0,1,0,0,1
2,27,70,88,60,68,66,82,60,0,1,1,0,1,0
5,32,79,91,62,87,80,65,94,0,1,1,0,1,0
1,25,91,65,86,66,88,85,60,1,0,1,0,1,0
1,13,90,72,78,61,78,88,74,1,0,1,0,1,0
1,31,87,100,86,60,80,78,96,0,1,1,0,1,0
3,8,69,99,78,85,98,86,73,1,0,1,0,1,0
9,0,66,99,50,62,97,60,84,0,1,0,1,1,0
7,6,65,95,78,65,74,69,63,0,1,1,0,1,0
2,7,83,81,88,82,97,83,74,0,1,1,0,1,0
1,32,100,89,95,63,67,92,75,0,1,1,0,1,0
5,30,85,70,78,66,69,62,100,0,1,1,0,0,1
9,4,45,98,95,66,84,83,100,0,1,1,0,1,0
5,15,73,75,94,82,71,90,75,1,0,1,0,1,0
2,2,95,83,96,97,72,77,61,0,1,1,0,1,0
8,32,96,95,61,72,71,83,96,0,1,1,0,0,1
2,24,94,72,96,93,93,79,64,0,1,1,0,1,0
1,18,92,69,69,60,90,88,95,1,0,1,0,1,0
10,5,56,52,76,95,54,59,85,0,1,0,1,1,0
3,24,85,74,65,76,100,95,68,1,0,0,1,1,0
1,16,65,90,68,99,74,82,86,0,1,1,0,1,0
1,15,64,81,95,87,86,91,80,0,1,1,0,1,0
3,26,100,88,94,67,62,66,96,0,1,1,0,1,0
3,15,76,64,64,60,75,92,61,1,0,1,0,1,0
1,5,97,76,91,76,89,60,85,1,0,1,0,1,0
1,14,95,98,98,83,77,93,83,0,1,1,0,0,1
4,1,85,64,90,94,68,97,61,0,1,1,0,1,0
5,10,86,91,96,60,91,73,88,0,1,1,0,1,0
6,5,100,58,58,100,60,52,82,1,0,1,0,1,0
2,26,65,77,66,100,88,77,62,0,1,1,0,1,0
2,26,71,81,99,74,74,82,67,1,0,1,0,0,1
2,14,80,94,97,83,84,77,79,1,0,1,0,1,0
7,21,91,76,96,77,99,64,83,0,1,1,0,0,1
2,32,91,87,88,82,95,70,87,1,0,1,0,1,0
0,30,100,86,81,100,66,98,97,0,1,1,0,1,0
3,13,92,79,71,65,99,91,98,1,0,1,0,1,0
7,33,89,76,95,83,84,96,61,1,0,1,0,1,0
3,15,93,92,92,76,49,93,75,1,0,1,0,1,0
10,33,81,64,67,74,65,94,96,0,1,1,0,1,0
2,11,70,73,70,67,96,86,89,0,1,1,0,1,0
2,30,61,70,89,97,60,79,79,1,0,1,0,1,0
7,2,62,53,78,77,59,95,80,1,0,1,0,1,0
3,4,83,61,79,99,66,60,76,0,1,1,0,1,0
3,32,85,96,87,63,69,69,81,0,1,1,0,1,0
7,0,83,55,87,74,73,77,61,1,0,0,1,1,0
2,4,73,95,54,94,99,58,94,1,0,1,0,1,0
10,0,61,65,73,78,77,97,96,0,1,0,1,0,1
5,21,77,72,81,63,69,73,80,1,0,1,0,0,1
2,29,77,87,65,91,71,90,90,1,0,1,0,1,0
3,32,99,94,94,62,68,79,68,0,1,1,0,1,0
7,14,73,69,94,78,76,63,71,1,0,1,0,1,0
1,25,95,89,96,89,60,99,93,0,1,1,0,1,0
7,4,94,79,92,100,93,63,98,0,1,1,0,0,1
2,32,75,83,85,65,76,94,60,1,0,1,0,0,1
2,7,66,83,77,91,84,74,62,0,1,1,0,1,0
1,22,91,79,89,74,79,74,61,1,0,0,1,1,0
5,3,81,61,75,65,90,92,80,0,1,1,0,1,0
8,1,71,69,69,67,70,78,66,0,1,0,1,1,0
4,23,77,94,97,77,63,98,98,0,1,1,0,0,1
0,42,91,87,93,85,98,85,95,1,0,1,0,1,0
1,30,83,98,100,93,100,77,76,0,1,1,0,1,0
1,1,75,51,70,84,66,64,88,1,0,1,0,1,0
3,17,86,96,68,71,86,94,89,1,0,0,1,0,1
2,48,86,88,89,89,98,89,96,0,1,1,0,1,0
4,24,85,67,60,82,77,72,72,0,1,1,0,0,1
6,31,62,81,80,88,78,94,85,1,0,1,0,1,0
7,0,100,65,67,61,76,58,84,0,1,0,1,1,0
9,2,79,86,97,60,66,74,96,0,1,1,0,1,0
1,24,99,97,68,85,86,85,73,1,0,1,0,1,0
7,2,46,65,97,100,56,73,95,1,0,1,0,1,0
0,32,85,97,88,61,80,80,84,0,1,1,0,1,0
2,4,85,68,89,64,79,66,66,1,0,1,0,1,0
4,32,85,87,91,63,95,88,62,0,1,1,0,1,0
3,16,99,86,90,100,96,77,60,0,1,1,0,1,0
1,20,84,92,63,91,89,92,76,1,0,1,0,1,0
4,28,85,72,87,72,68,85,78,0,1,1,0,1,0
7,30,100,79,92,92,67,68,72,0,1,1,0,1,0
3,17,86,61,68,91,60,86,62,1,0,1,0,1,0
5,25,79,70,71,95,79,77,68,1,0,1,0,1,0
5,18,76,82,76,71,70,89,76,0,1,1,0,1,0
1,23,96,63,69,67,69,92,77,0,1,0,1,1,0
4,23,100,77,75,74,80,94,74,0,1,1,0,0,1
6,21,88,84,87,97,94,87,85,1,0,1,0,1,0
3,27,96,76,98,89,93,85,75,1,0,1,0,1,0
5,14,92,66,96,71,87,89,61,1,0,1,0,1,0
2,37,87,93,99,100,97,92,90,0,1,1,0,0,1
3,29,95,82,74,87,36,61,88,0,1,1,0,1,0
6,4,44,76,56,71,66,54,91,0,1,0,1,1,0
3,16,78,89,68,63,81,92,97,1,0,1,0,1,0
4,30,95,78,93,85,48,68,75,1,0,1,0,1,0
7,1,57,56,53,75,98,92,73,0,1,0,1,1,0
3,24,86,99,95,94,92,90,77,0,1,1,0,0,1
2,35,92,97,100,91,95,90,95,1,0,1,0,1,0
1,14,69,69,84,100,69,77,87,1,0,1,0,1,0
1,3,91,62,75,60,82,91,96,1,0,1,0,1,0
4,15,79,79,97,78,31,99,84,1,0,1,0,1,0
5,23,93,96,80,64,91,68,71,0,1,1,0,1,0
6,19,90,79,90,73,76,68,95,0,1,1,0,1,0
3,33,99,68,100,95,95,88,83,0,1,1,0,1,0
0,14,90,69,81,92,65,89,69,1,0,1,0,1,0
1,0,71,84,66,75,93,84,69,1,0,1,0,0,1
1,34,98,93,67,74,81,87,76,1,0,1,0,1,0
5,33,94,99,83,94,93,95,93,0,1,1,0,1,0
7,7,92,89,79,76,86,61,81,1,0,1,0,1,0
2,18,100,96,74,61,87,94,60,0,1,1,0,1,0
9,4,48,55,86,51,54,94,61,0,1,1,0,1,0
6,10,63,87,71,68,66,67,99,0,1,1,0,1,0
2,22,89,83,89,91,94,93,69,0,1,0,1,1,0
5,28,88,90,93,81,88,90,74,1,0,1,0,1,0
2,2,98,87,67,97,62,60,79,0,1,1,0,1,0
1,0,92,86,88,75,60,50,79,1,0,1,0,1,0
3,24,80,60,100,99,98,75,94,0,1,1,0,1,0
2,15,92,63,91,65,69,94,98,0,1,1,0,1,0
2,1,82,95,68,64,97,99,60,1,0,0,1,1,0
1,8,84,74,74,75,99,99,85,0,1,1,0,1,0
7,9,61,70,65,67,93,81,63,1,0,1,0,1,0
4,33,99,87,98,76,65,94,67,0,1,1,0,1,0
3,32,83,69,90,78,39,95,82,1,0,1,0,1,0
9,4,56,90,95,59,91,77,99,1,0,0,1,1,0
2,2,65,64,52,56,63,82,83,0,1,1,0,1,0
3,20,94,61,77,73,79,65,89,0,1,1,0,1,0
1,21,90,96,73,89,93,87,96,1,0,1,0,1,0
3,29,94,82,81,90,76,97,86,1,0,1,0,1,0
3,13,89,87,63,83,64,85,72,1,0,1,0,1,0
1,24,89,67,68,93,98,75,88,0,1,1,0,1,0
7,30,88,98,87,85,96,77,96,0,1,1,0,1,0
1,25,76,94,90,75,92,86,87,0,1,1,0,1,0
1,1,88,78,84,96,92,99,97,0,1,1,0,1,0
4,27,88,76,80,72,100,69,71,0,1,1,0,1,0
0,4,54,88,82,89,72,60,69,0,1,1,0,0,1
2,32,87,87,76,67,68,89,77,1,0,1,0,0,1
1,1,95,73,79,81,82,69,100,1,0,1,0,1,0
2,32,72,72,68,81,95,90,99,1,0,1,0,1,0
1,4,95,76,70,89,88,87,62,1,0,1,0,0,1
4,28,91,97,86,77,83,79,62,0,1,1,0,1,0
3,32,79,81,63,79,96,96,89,1,0,1,0,0,1
1,33,80,71,94,92,92,60,78,1,0,1,0,1,0
2,4,86,90,88,73,50,93,71,0,1,0,1,1,0
1,31,88,88,90,67,77,83,64,0,1,1,0,1,0
5,17,83,95,86,80,64,66,97,0,1,1,0,1,0
2,23,84,84,80,97,87,97,91,0,1,1,0,1,0
0,29,85,82,81,85,72,90,71,1,0,1,0,1,0
2,19,91,85,96,83,74,87,74,0,1,1,0,1,0
4,26,83,71,94,60,63,93,67,0,1,0,1,0,1
7,7,97,93,99,98,96,79,88,1,0,1,0,1,0
6,4,63,68,92,73,66,69,87,1,0,1,0,1,0
6,22,92,98,90,82,86,86,89,0,1,1,0,1,0
6,4,78,78,64,94,79,92,63,0,1,0,1,0,1
3,29,78,90,69,100,90,91,90,1,0,1,0,1,0
8,21,89,60,93,79,72,76,85,0,1,1,0,0,1
3,5,53,87,100,84,63,62,95,1,0,1,0,1,0
5,15,63,84,60,85,91,83,84,0,1,1,0,1,0
3,10,100,98,71,100,71,92,63,0,1,1,0,0,1
7,2,79,54,81,87,67,74,85,1,0,0,1,1,0
4,0,93,77,71,62,94,69,72,1,0,1,0,0,1
5,3,97,88,67,72,83,87,62,0,1,1,0,0,1
6,1,76,82,93,98,98,60,65,1,0,1,0,0,1
3,26,84,83,80,91,88,61,61,1,0,1,0,0,1
5,2,56,96,65,61,78,77,95,1,0,0,1,1,0
3,21,97,89,94,91,95,70,75,1,0,1,0,1,0
10,5,67,60,97,53,93,78,81,1,0,1,0,1,0
10,5,97,93,64,74,94,74,76,1,0,0,1,1,0
5,0,100,67,50,78,73,90,91,1,0,1,0,1,0
5,10,83,61,76,75,62,79,94,1,0,1,0,0,1
5,2,85,63,83,83,69,94,80,0,1,1,0,1,0
5,24,100,96,97,64,76,77,61,1,0,1,0,0,1
4,46,92,98,99,86,100,86,87,0,1,1,0,1,0
3,31,88,98,65,68,99,94,79,0,1,1,0,1,0
1,33,95,82,62,76,64,91,79,0,1,1,0,1,0
5,26,76,81,84,80,80,84,70,1,0,1,0,1,0
2,19,79,93,72,97,69,78,87,0,1,1,0,1,0
3,25,93,70,84,68,71,85,70,0,1,1,0,1,0
3,24,79,96,78,90,94,76,88,1,0,1,0,1,0
1,21,98,99,72,100,94,77,84,0,1,1,0,1,0
8,0,93,99,81,67,87,76,60,1,0,0,1,0,1
4,30,91,79,78,95,86,89,100,0,1,1,0,1,0
4,32,86,99,77,61,72,92,70,1,0,1,0,1,0
8,15,81,80,85,93,68,75,90,1,0,1,0,1,0
6,15,97,94,94,83,91,65,96,1,0,1,0,1,0
3,4,90,95,89,93,92,99,88,1,0,1,0,0,1
1,27,90,91,62,82,76,70,64,0,1,1,0,0,1
5,33,82,92,95,61,84,81,82,0,1,1,0,1,0
7,25,91,94,89,74,60,77,77,0,1,1,0,1,0
0,29,70,94,67,74,84,95,65,1,0,1,0,1,0
2,13,60,75,70,96,63,82,80,1,0,1,0,1,0
3,49,85,96,99,94,95,92,95,1,0,1,0,1,0
6,34,82,85,72,69,63,99,68,0,1,1,0,1,0
4,28,83,79,92,69,85,71,95,0,1,0,1,1,0
2,44,96,88,100,95,85,94,93,1,0,1,0,1,0
1,14,85,87,78,72,91,88,93,1,0,1,0,1,0
4,1,95,61,84,98,63,66,80,1,0,1,0,1,0
6,22,97,92,87,61,75,62,94,0,1,1,0,1,0
2,11,95,69,91,97,89,84,66,1,0,1,0,1,0
3,2,69,98,77,63,88,64,60,1,0,1,0,1,0
9,3,84,55,65,62,56,91,81,1,0,1,0,1,0
5,28,92,100,100,98,83,75,72,1,0,1,0,1,0
2,0,87,95,78,82,53,59,66,0,1,0,1,1,0
5,22,97,87,90,70,96,75,93,0,1,1,0,1,0
8,3,92,96,77,95,63,57,90,1,0,0,1,1,0
2,25,72,91,68,79,98,71,89,0,1,1,0,1,0
3,1,50,55,96,72,55,50,64,1,0,1,0,0,1
7,37,97,96,93,94,91,96,87,1,0,1,0,1,0
3,28,89,77,69,72,63,84,99,1,0,1,0,0,1
3,30,77,76,90,95,94,99,94,1,0,1,0,1,0
1,19,91,89,66,69,100,88,79,0,1,1,0,1,0
7,2,64,92,70,81,85,55,76,0,1,0,1,1,0
4,26,71,87,63,73,89,77,66,1,0,0,1,1,0
10,0,56,79,74,66,92,57,61,0,1,1,0,0,1
4,5,87,70,98,64,65,78,83,0,1,1,0,1,0
0,17,99,69,85,91,77,88,75,1,0,1,0,1,0
2,26,98,88,76,72,92,81,89,0,1,1,0,1,0
2,32,87,83,74,61,81,72,98,0,1,1,0,1,0
6,16,88,96,90,92,68,97,73,1,0,1,0,0,1
8,2,71,52,53,64,89,76,70,1,0,0,1,1,0
2,35,96,90,91,95,99,95,99,0,1,1,0,1,0
0,17,81,95,99,65,56,79,98,1,0,1,0,1,0
9,3,94,92,63,84,79,66,96,1,0,1,0,1,0
3,47,94,87,98,90,92,88,100,1,0,0,1,1,0
0,29,98,87,75,63,85,88,75,0,1,1,0,1,0
10,5,100,58,54,97,58,51,80,1,0,1,0,1,0
3,12,66,89,65,99,84,84,86,0,1,1,0,0,1
2,35,94,99,97,94,85,97,97,0,1,1,0,1,0
0,3,83,90,93,89,64,63,82,1,0,0,1,1,0
8,2,92,54,50,88,90,91,95,0,1,0,1,1,0
10,35,93,100,90,94,97,98,98,0,1,1,0,1,0
1,7,69,92,84,98,98,83,87,0,1,0,1,1,0
4,15,94,71,63,73,66,90,91,1,0,1,0,1,0
1,3,100,92,95,90,67,81,66,1,0,1,0,1,0
2,35,96,92,98,100,94,93,86,0,1,1,0,1,0
3,28,76,87,99,69,89,93,85,0,1,1,0,0,1
9,4,77,62,94,65,77,77,95,1,0,1,0,1,0
1,4,84,67,79,60,69,80,98,0,1,1,0,0,1
3,16,95,61,68,75,64,76,66,0,1,1,0,0,1
1,26,90,64,94,84,66,61,72,0,1,1,0,1,0
3,30,96,89,73,75,99,89,71,0,1,1,0,1,0
6,2,80,81,92,73,71,71,84,1,0,0,1,1,0
2,34,87,83,75,73,92,91,71,1,0,1,0,1,0
10,0,94,75,91,64,67,93,65,0,1,1,0,1,0
10,3,87,82,88,100,73,96,75,1,0,1,0,0,1
2,30,95,97,88,77,96,96,74,0,1,1,0,1,0
3,15,85,96,82,64,82,94,81,0,1,0,1,0,1
8,1,67,65,77,72,94,88,77,0,1,1,0,0,1
3,6,84,100,92,82,85,70,69,0,1,1,0,0,1
7,1,83,88,90,100,71,98,96,1,0,1,0,0,1
9,5,67,78,68,51,77,72,78,0,1,0,1,0,1
1,30,75,92,72,88,92,77,84,0,1,1,0,1,0
3,8,67,76,70,73,81,85,80,0,1,1,0,0,1
9,5,67,54,51,72,75,60,88,0,1,0,1,1,0
1,5,72,91,78,97,86,93,77,1,0,1,0,1,0
4,4,78,98,76,68,86,91,82,0,1,1,0,1,0
1,47,85,87,92,96,92,90,88,1,0,1,0,1,0
3,16,100,70,69,61,100,65,81,1,0,1,0,0,1
5,3,56,59,89,68,79,83,68,0,1,0,1,1,0
5,32,93,75,83,99,100,91,74,1,0,1,0,0,1
2,31,89,91,85,69,76,92,94,1,0,1,0,1,0
3,6,59,88,74,92,72,97,64,0,1,1,0,1,0
3,16,99,70,74,65,99,74,62,1,0,1,0,1,0
6,34,89,89,85,74,78,87,82,0,1,1,0,1,0
3,26,86,63,78,78,80,67,97,0,1,1,0,1,0
6,21,79,65,91,65,61,88,95,1,0,1,0,1,0
3,46,96,89,91,90,90,91,99,0,1,1,0,1,0
6,48,95,90,85,90,96,89,96,1,0,1,0,1,0
1,46,96,85,90,95,100,96,88,0,1,0,1,1,0
3,28,95,80,64,97,85,94,60,1,0,0,1,1,0
4,2,80,62,84,95,71,85,87,0,1,0,1,1,0
0,32,86,70,73,85,67,91,98,0,1,0,1,1,0
10,5,42,95,99,61,62,77,99,0,1,0,1,1,0
4,31,80,93,93,94,81,81,78,1,0,1,0,1,0
4,1,79,97,100,94,65,62,76,0,1,1,0,0,1
9,4,43,63,91,67,74,71,88,1,0,0,1,0,1
2,8,58,84,95,66,99,91,70,0,1,1,0,0,1
3,23,86,73,83,93,46,91,70,1,0,1,0,0,1
1,23,96,91,97,84,89,82,75,1,0,1,0,1,0
1,28,91,88,98,89,75,91,92,0,1,1,0,1,0
1,7,85,62,77,62,80,88,83,1,0,1,0,1,0
0,5,87,91,93,92,97,95,99,1,0,1,0,1,0
2,4,60,91,85,67,98,61,64,1,0,1,0,1,0
2,26,76,85,67,60,100,63,64,1,0,1,0,1,0
4,33,84,89,74,79,86,93,95,1,0,1,0,0,1
4,34,87,94,74,84,77,82,85,1,0,1,0,0,1
4,16,82,79,64,75,93,82,60,1,0,0,1,1,0
4,3,64,61,73,70,87,75,100,0,1,1,0,1,0
3,25,77,80,88,84,84,92,82,0,1,1,0,1,0
0,4,86,82,90,69,66,93,94,1,0,1,0,1,0
0,4,81,84,76,88,84,89,87,0,1,1,0,1,0
3,21,91,90,92,78,67,86,71,1,0,1,0,1,0
7,4,72,99,61,67,95,98,89,1,0,1,0,1,0
3,24,80,70,80,96,72,99,65,1,0,1,0,1,0
2,16,90,89,98,70,79,60,92,0,1,1,0,1,0
10,2,72,51,52,98,50,90,63,0,1,1,0,1,0
3,35,93,85,89,93,90,91,88,0,1,1,0,1,0
2,24,95,85,90,94,91,84,85,0,1,1,0,1,0
2,46,86,93,89,90,100,86,93,0,1,1,0,0,1
6,1,89,55,89,67,55,64,70,1,0,1,0,1,0
5,26,90,75,67,85,64,95,96,0,1,1,0,1,0
1,5,79,95,81,67,66,71,66,0,1,1,0,1,0
5,17,86,88,98,66,62,95,90,1,0,0,1,1,0
3,4,83,78,68,72,77,89,70,0,1,1,0,1,0
6,27,85,92,62,95,65,89,95,0,1,1,0,1,0
3,0,66,78,86,87,64,65,64,0,1,1,0,1,0
6,16,93,80,60,62,43,68,67,0,1,1,0,0,1
6,14,65,89,79,95,71,61,62,0,1,1,0,0,1
2,5,52,66,98,83,92,82,91,1,0,0,1,1,0
3,31,90,80,84,70,65,89,64,1,0,1,0,0,1
2,4,83,89,99,100,73,86,88,1,0,1,0,0,1
1,5,62,89,72,68,85,80,75,0,1,1,0,1,0
1,11,98,72,99,84,60,95,93,1,0,1,0,1,0
8,12,76,75,74,67,76,82,79,0,1,1,0,0,1
0,5,97,62,98,70,67,71,70,1,0,1,0,1,0
6,1,63,60,95,99,87,58,66,1,0,0,1,1,0
5,2,98,99,64,88,72,87,99,0,1,1,0,1,0
10,1,78,84,84,61,88,67,92,1,0,0,1,1,0
2,30,85,77,89,77,84,71,71,1,0,1,0,0,1
6,0,59,100,84,93,70,56,74,0,1,1,0,1,0
2,6,99,77,88,60,93,61,96,1,0,1,0,0,1
6,24,76,62,86,80,47,85,71,0,1,1,0,0,1
7,26,80,90,85,89,85,80,68,1,0,1,0,1,0
7,0,82,74,92,50,77,98,100,0,1,1,0,1,0
1,18,89,64,72,61,75,68,83,0,1,1,0,1,0
4,20,89,79,75,80,97,94,68,0,1,1,0,1,0
0,23,86,89,94,95,60,90,90,1,0,1,0,1,0
4,4,65,76,92,86,93,61,97,0,1,0,1,1,0
4,30,77,95,77,84,60,90,89,1,0,1,0,1,0
4,34,88,85,68,62,64,99,66,1,0,1,0,1,0
1,26,98,77,94,87,44,85,61,1,0,1,0,1,0
5,27,84,86,90,80,72,99,85,0,1,1,0,1,0
1,18,91,85,66,83,70,71,80,1,0,1,0,0,1
4,39,97,95,94,90,86,85,95,1,0,1,0,1,0
7,29,77,88,63,87,71,93,84,1,0,1,0,0,1
0,27,100,84,93,96,97,70,95,0,1,1,0,0,1
3,17,93,70,62,99,63,83,60,0,1,0,1,0,1
5,31,93,99,79,78,64,87,76,1,0,0,1,0,1
4,13,94,89,74,75,73,78,61,1,0,0,1,1,0
4,12,88,86,79,93,68,92,99,1,0,1,0,0,1
10,0,93,95,94,70,83,86,94,0,1,0,1,1,0
2,21,83,75,84,68,95,80,88,0,1,1,0,0,1
3,28,96,93,100,96,97,81,72,1,0,0,1,1,0
8,35,87,88,93,88,96,85,94,1,0,0,1,1,0
9,24,95,82,84,69,63,85,69,0,1,1,0,0,1
1,28,87,87,86,84,66,83,81,0,1,1,0,1,0
9,0,43,95,64,95,66,67,74,0,1,1,0,1,0
6,0,40,100,88,79,71,86,89,1,0,0,1,1,0
2,3,64,70,98,82,100,72,78,0,1,1,0,1,0
3,16,72,79,95,68,75,70,88,1,0,1,0,1,0
2,26,77,96,86,84,90,85,91,1,0,1,0,1,0
10,4,40,86,53,63,50,87,77,1,0,0,1,0,1
2,24,100,89,90,96,72,90,86,0,1,1,0,1,0
5,22,89,93,95,88,72,76,71,0,1,1,0,0,1
2,14,97,74,76,72,62,69,90,1,0,0,1,1,0
2,21,100,77,74,61,81,96,96,0,1,1,0,1,0
4,29,81,88,85,89,81,91,98,0,1,1,0,1,0
6,3,100,91,53,78,55,91,74,1,0,1,0,1,0
2,4,80,65,96,73,84,92,73,0,1,1,0,1,0
5,19,79,88,83,84,78,72,79,0,1,1,0,1,0
3,33,96,64,100,87,88,60,62,0,1,1,0,1,0
1,24,95,81,91,62,36,79,69,1,0,1,0,1,0
4,29,86,68,65,64,95,82,87,0,1,1,0,1,0
1,27,86,97,72,90,95,99,76,0,1,1,0,0,1
2,20,87,68,66,83,92,81,80,1,0,1,0,1,0
0,35,94,87,100,90,86,86,90,1,0,1,0,1,0
0,29,88,71,87,85,100,78,78,1,0,1,0,1,0
2,0,88,69,76,64,90,78,80,0,1,1,0,0,1
3,10,76,61,68,88,86,87,66,0,1,1,0,1,0
1,29,84,66,99,80,71,88,89,0,1,1,0,0,1
0,17,96,77,91,85,69,91,91,0,1,1,0,0,1
10,1,57,75,64,85,53,95,81,0,1,0,1,1,0
1,14,93,79,82,67,64,90,65,1,0,1,0,1,0
1,24,88,84,61,61,79,62,99,0,1,1,0,1,0
2,35,89,99,86,97,98,97,93,0,1,1,0,1,0
3,19,80,88,94,94,100,99,99,0,1,1,0,1,0
6,23,94,92,61,87,61,94,69,0,1,1,0,1,0
9,14,99,74,98,69,69,64,96,0,1,1,0,1,0
2,21,81,72,87,62,69,93,72,0,1,1,0,1,0
6,18,91,61,95,82,77,87,95,0,1,1,0,1,0
2,16,71,100,99,95,91,96,96,1,0,1,0,0,1
4,2,61,66,78,79,79,96,81,1,0,1,0,1,0
5,16,87,89,60,66,79,81,65,0,1,1,0,0,1
0,29,93,69,79,78,77,73,77,1,0,1,0,1,0
5,35,92,88,87,98,96,85,96,0,1,1,0,1,0
2,11,96,87,99,65,98,79,93,0,1,1,0,1,0
3,4,83,75,77,61,93,61,75,0,1,1,0,1,0
0,15,78,84,79,96,76,71,71,1,0,1,0,1,0
10,25,82,74,84,74,86,81,100,0,1,0,1,1,0
1,31,94,91,68,61,34,60,63,1,0,1,0,1,0
7,30,93,73,97,89,88,63,70,1,0,1,0,1,0
3,17,80,95,98,95,96,97,85,1,0,1,0,1,0
10,0,55,99,71,94,69,87,84,1,0,1,0,1,0
2,10,94,71,83,76,99,95,94,1,0,0,1,1,0
2,22,72,72,85,90,75,94,65,1,0,1,0,1,0
3,16,98,89,75,68,87,69,96,0,1,1,0,1,0
2,11,71,98,66,65,78,81,82,1,0,1,0,1,0
3,35,99,95,89,90,95,98,99,1,0,1,0,1,0
1,25,97,67,86,95,65,91,76,0,1,1,0,1,0
9,5,85,64,99,93,89,61,67,1,0,1,0,1,0
2,35,100,88,98,90,93,95,98,0,1,1,0,0,1
4,15,89,63,73,83,74,91,83,0,1,1,0,1,0
4,21,76,87,63,92,93,87,88,0,1,1,0,0,1
2,3,100,68,80,75,85,82,85,1,0,1,0,1,0
1,1,77,99,99,76,70,80,90,1,0,1,0,1,0
1,32,85,86,84,81,92,84,93,1,0,1,0,1,0
6,25,70,83,63,86,97,88,79,0,1,1,0,0,1
9,26,76,83,90,68,96,94,87,1,0,1,0,1,0
7,34,75,82,89,65,85,89,81,1,0,0,1,1,0
2,25,97,65,96,87,87,95,100,0,1,1,0,0,1
10,3,72,81,61,73,96,72,86,0,1,0,1,1,0
3,12,84,69,68,92,86,67,73,0,1,0,1,1,0
1,25,84,94,65,74,92,81,79,0,1,1,0,1,0
6,50,94,87,99,99,86,86,85,0,1,1,0,1,0
7,15,80,91,100,87,87,94,100,1,0,1,0,1,0
0,34,87,98,79,87,92,80,93,1,0,1,0,1,0
6,27,93,94,87,92,99,93,88,1,0,1,0,1,0
1,5,87,69,96,61,72,78,99,1,0,1,0,1,0
10,0,64,51,70,94,86,65,80,0,1,1,0,0,1
5,15,96,73,91,71,72,74,76,0,1,1,0,1,0
2,31,97,62,93,80,96,94,67,1,0,1,0,0,1
6,0,62,79,75,65,71,75,93,1,0,1,0,1,0
1,5,97,79,96,94,59,83,64,0,1,0,1,1,0
3,35,85,100,90,93,94,97,98,0,1,1,0,1,0
0,27,68,95,66,65,89,84,100,0,1,1,0,1,0
7,1,45,68,99,91,88,63,61,1,0,0,1,1,0
6,2,86,79,86,73,53,84,79,0,1,0,1,1,0
10,34,97,94,73,98,87,97,98,1,0,1,0,1,0
2,18,93,67,65,61,61,96,65,0,1,0,1,0,1
1,14,85,93,75,72,84,63,63,0,1,1,0,1,0
1,6,88,88,98,92,71,66,90,1,0,1,0,1,0
5,2,100,67,98,71,92,79,99,0,1,1,0,0,1
2,19,93,74,88,92,77,89,96,0,1,1,0,1,0
1,1,70,63,73,97,63,61,90,1,0,1,0,1,0
2,13,82,67,94,88,86,89,98,1,0,1,0,1,0
8,3,41,76,94,93,79,84,96,1,0,0,1,1,0
2,21,94,74,74,89,67,93,96,0,1,1,0,1,0
2,29,67,69,75,94,98,80,74,1,0,0,1,1,0
0,11,89,75,64,81,66,82,92,1,0,1,0,0,1
3,23,82,82,100,93,91,61,83,0,1,1,0,1,0
2,30,96,79,93,92,92,71,87,0,1,0,1,1,0
1,13,94,84,84,89,52,97,76,1,0,1,0,1,0
4,19,84,65,83,99,86,75,67,0,1,1,0,1,0
5,33,87,98,97,70,80,67,82,1,0,1,0,1,0
2,21,90,93,66,77,72,82,82,0,1,1,0,1,0
7,31,86,81,91,83,97,83,80,1,0,1,0,1,0
6,3,48,72,64,65,64,55,79,0,1,1,0,1,0
7,3,49,59,99,59,75,54,70,1,0,0,1,1,0
0,30,90,83,72,77,99,84,67,0,1,0,1,1,0
5,1,40,51,93,100,76,60,99,1,0,0,1,0,1
0,8,78,81,71,91,79,79,75,1,0,1,0,0,1
2,29,87,68,75,96,91,72,78,0,1,1,0,1,0
2,18,79,81,68,70,60,65,71,1,0,1,0,1,0
6,4,100,100,94,83,62,92,71,1,0,1,0,0,1
1,10,71,72,65,65,65,67,97,1,0,1,0,1,0
2,32,77,64,69,60,92,76,74,1,0,1,0,1,0
1,32,83,84,96,96,79,80,81,1,0,1,0,1,0
2,16,96,79,80,71,67,76,63,0,1,1,0,0,1
6,35,91,96,100,95,100,94,95,0,1,1,0,1,0
8,2,71,69,95,83,90,93,89,1,0,1,0,1,0
3,27,84,80,75,63,71,86,63,1,0,1,0,1,0
3,28,91,61,61,85,64,76,88,0,1,1,0,1,0
2,2,59,65,72,60,94,63,75,0,1,1,0,1,0
3,42,89,90,91,95,87,92,96,0,1,1,0,1,0
7,31,81,92,68,93,69,78,89,0,1,1,0,1,0
3,15,77,84,86,97,90,83,92,0,1,1,0,1,0
7,1,72,58,73,57,67,88,70,0,1,1,0,1,0
5,10,91,63,78,93,76,76,90,1,0,1,0,1,0
5,40,88,100,94,91,85,91,88,1,0,1,0,1,0
8,40,94,88,99,92,98,85,95,0,1,1,0,1,0
0,8,67,72,98,65,61,87,89,1,0,1,0,1,0
2,22,88,86,82,89,81,61,83,1,0,1,0,1,0
3,21,67,67,62,80,61,61,82,1,0,1,0,1,0
7,31,95,87,96,97,83,93,88,0,1,1,0,1,0
1,10,96,91,78,94,81,88,86,0,1,1,0,1,0
3,35,87,99,99,100,98,96,94,1,0,1,0,0,1
3,14,85,88,85,92,96,81,95,0,1,1,0,1,0
2,7,88,85,100,68,65,97,94,0,1,1,0,1,0
5,4,94,68,72,99,83,53,83,0,1,1,0,1,0
4,14,67,100,77,85,73,95,86,1,0,1,0,0,1
1,29,92,63,99,77,82,88,72,1,0,1,0,0,1
3,20,76,75,60,77,71,70,88,1,0,0,1,1,0
3,24,86,75,96,62,81,91,84,1,0,1,0,0,1
3,27,94,94,86,62,73,90,75,1,0,1,0,0,1
3,31,100,85,62,62,89,65,67,1,0,1,0,1,0
4,27,74,84,71,93,65,98,61,1,0,1,0,1,0
2,23,99,98,70,73,63,62,88,0,1,1,0,1,0
10,0,66,97,72,98,86,86,63,1,0,1,0,1,0
2,35,99,96,100,95,90,95,88,1,0,1,0,1,0
1,33,97,76,99,85,98,62,97,0,1,1,0,0,1
5,11,81,71,76,95,99,85,71,0,1,1,0,0,1
9,10,95,88,62,85,82,94,73,1,0,1,0,1,0
6,3,55,69,53,75,86,95,61,0,1,0,1,1,0
3,5,50,62,97,90,93,75,80,0,1,1,0,1,0
5,34,98,84,90,83,84,61,99,0,1,1,0,1,0
7,15,88,67,71,85,68,88,67,1,0,1,0,1,0
1,20,87,99,92,85,62,69,67,1,0,1,0,1,0
1,3,73,74,94,76,97,86,85,0,1,1,0,1,0
2,2,46,71,60,50,85,69,62,0,1,0,1,0,1
1,27,88,82,90,94,99,78,65,1,0,1,0,1,0
0,29,95,62,68,64,71,87,60,0,1,0,1,1,0
1,2,73,71,60,70,78,72,78,1,0,1,0,0,1
5,9,70,88,100,91,98,68,81,1,0,1,0,1,0
7,14,84,100,99,94,84,86,63,0,1,1,0,1,0
8,25,88,60,87,90,87,86,62,0,1,1,0,1,0
1,9,66,65,82,96,87,87,63,0,1,1,0,0,1
9,2,46,54,93,57,99,59,73,0,1,0,1,1,0
5,31,71,92,60,73,74,86,94,0,1,1,0,1,0
5,3,76,77,99,87,95,94,85,0,1,1,0,1,0
5,12,78,95,66,70,75,99,84,1,0,1,0,1,0
5,5,100,54,70,58,50,95,92,0,1,1,0,1,0
10,11,73,97,87,93,78,99,86,1,0,1,0,1,0
2,4,96,63,85,77,82,65,88,0,1,1,0,1,0
2,25,82,84,93,70,99,66,80,0,1,1,0,1,0
1,33,81,91,71,79,98,69,75,0,1,1,0,1,0
1,24,97,80,67,71,75,96,100,0,1,0,1,1,0
3,0,92,65,95,60,93,69,82,1,0,1,0,1,0
6,0,81,77,92,97,62,65,92,0,1,0,1,1,0
2,3,99,69,71,84,96,84,69,1,0,1,0,1,0
2,26,97,100,87,90,96,86,93,0,1,1,0,1,0
7,31,80,87,94,68,89,82,76,0,1,1,0,1,0
4,20,88,62,91,83,97,83,63,1,0,1,0,1,0
1,9,95,72,99,67,83,78,65,1,0,1,0,1,0
10,15,90,81,69,70,95,97,62,1,0,1,0,0,1
10,1,77,89,50,82,71,78,70,0,1,1,0,1,0
1,4,82,69,91,95,82,85,60,0,1,0,1,0,1
3,2,90,74,88,97,88,73,66,0,1,1,0,0,1
5,32,94,90,81,82,100,82,98,1,0,1,0,1,0
7,2,87,84,76,87,65,80,72,0,1,0,1,1,0
1,2,86,66,88,98,68,79,77,1,0,0,1,1,0
6,19,84,85,83,69,82,91,69,1,0,1,0,1,0
4,12,86,63,85,64,98,97,86,0,1,1,0,1,0
10,5,70,66,98,96,64,65,91,0,1,1,0,1,0
4,22,87,94,72,93,44,92,83,1,0,1,0,1,0
7,1,47,78,75,62,61,55,93,0,1,0,1,1,0
0,21,96,63,77,93,61,86,83,0,1,1,0,1,0
4,5,54,93,96,59,84,79,93,1,0,0,1,1,0
3,5,59,100,64,68,86,89,91,1,0,1,0,0,1
2,8,92,99,93,82,97,70,79,1,0,1,0,1,0
4,25,100,62,78,74,72,73,78,0,1,1,0,1,0
5,34,92,81,84,84,84,66,74,0,1,1,0,1,0
3,0,75,66,91,73,100,94,67,0,1,1,0,1,0
0,34,93,74,63,97,64,61,92,1,0,1,0,1,0
2,31,100,96,67,63,91,96,84,0,1,1,0,1,0
7,1,80,84,67,96,88,94,86,1,0,0,1,1,0
1,28,100,92,66,96,76,88,77,1,0,1,0,0,1
4,5,52,65,74,71,63,59,67,0,1,0,1,1,0
1,26,95,69,91,67,67,70,71,1,0,1,0,1,0
1,21,100,67,100,65,67,92,67,0,1,1,0,1,0
4,22,96,73,90,84,64,75,62,0,1,1,0,1,0
3,30,60,67,94,74,71,98,74,1,0,1,0,1,0
7,2,51,98,90,54,77,80,71,1,0,0,1,1,0
5,24,85,100,93,64,81,78,64,0,1,1,0,1,0
10,15,76,86,68,83,82,67,69,0,1,1,0,1,0
1,24,92,63,87,92,81,78,74,0,1,1,0,1,0
5,3,90,89,95,73,79,98,68,0,1,1,0,1,0
6,4,73,53,68,60,95,96,99,0,1,0,1,0,1
5,42,90,89,92,93,97,92,100,1,0,1,0,1,0
6,24,87,87,86,91,90,75,79,1,0,1,0,1,0
1,0,93,96,70,92,65,90,84,1,0,1,0,1,0
3,4,75,91,68,86,81,72,89,1,0,1,0,1,0
3,25,96,100,99,82,79,95,89,1,0,1,0,1,0
1,1,63,75,68,63,63,73,79,1,0,0,1,0,1
5,35,85,90,89,98,100,97,95,0,1,1,0,1,0
7,20,93,61,65,77,97,90,90,0,1,1,0,1,0
7,11,60,92,82,65,82,91,67,1,0,1,0,1,0
3,21,95,91,63,83,75,73,74,0,1,0,1,1,0
9,1,61,73,76,51,76,50,77,0,1,0,1,1,0
3,15,97,81,65,70,62,96,75,1,0,1,0,1,0
1,33,90,64,91,93,86,91,97,0,1,1,0,1,0
10,4,90,100,80,66,63,69,66,1,0,0,1,1,0
2,24,85,74,68,68,75,78,95,0,1,1,0,0,1
1,13,82,87,98,73,74,89,66,1,0,1,0,1,0
6,5,95,88,66,72,92,52,70,0,1,0,1,1,0
1,12,95,96,66,68,90,91,99,0,1,1,0,0,1
4,8,81,90,71,97,81,86,73,0,1,1,0,0,1
2,8,62,69,99,95,73,79,83,1,0,1,0,1,0
5,8,95,92,89,64,77,80,66,0,1,1,0,1,0
4,0,64,62,51,85,74,91,93,1,0,0,1,0,1
5,14,96,67,88,82,90,74,96,1,0,1,0,1,0
4,3,40,58,57,68,57,99,95,1,0,0,1,0,1
2,19,87,80,84,65,91,84,65,0,1,1,0,1,0
4,29,74,95,82,61,70,88,92,0,1,1,0,1,0
7,0,51,56,64,85,91,78,97,1,0,0,1,0,1
7,5,57,74,98,93,63,70,67,0,1,1,0,1,0
6,4,84,54,52,52,65,54,69,1,0,1,0,1,0
7,1,84,83,71,98,93,95,99,1,0,1,0,1,0
8,12,100,84,73,96,97,85,63,0,1,1,0,0,1
3,27,90,91,88,95,98,99,71,1,0,1,0,1,0
4,12,97,77,66,93,99,78,91,1,0,1,0,0,1
3,21,77,93,69,75,88,81,89,0,1,1,0,1,0
9,15,82,61,79,84,73,95,85,1,0,1,0,1,0
3,26,89,68,83,88,69,79,74,1,0,1,0,1,0
10,3,43,83,58,89,87,78,86,1,0,0,1,1,0
1,31,86,85,66,94,62,86,92,1,0,1,0,1,0
9,31,92,74,95,97,87,78,68,0,1,1,0,1,0
3,3,71,70,60,84,87,87,64,0,1,1,0,1,0
8,16,92,81,71,97,96,72,63,1,0,1,0,1,0
5,29,77,92,65,62,76,84,100,0,1,1,0,1,0
4,31,90,62,87,63,77,71,68,0,1,1,0,1,0
1,46,91,85,98,96,98,96,93,0,1,1,0,1,0
1,24,88,72,96,97,71,60,61,1,0,1,0,1,0
2,2,98,73,85,78,61,74,96,1,0,1,0,1,0
10,2,87,60,67,88,99,56,92,0,1,0,1,1,0
3,9,66,64,82,82,72,96,100,1,0,1,0,1,0
7,0,83,98,51,72,90,59,73,1,0,0,1,1,0
8,4,40,94,90,68,61,77,92,0,1,1,0,1,0
6,4,43,90,78,63,68,63,72,1,0,1,0,1,0
4,34,100,97,74,74,82,75,69,0,1,1,0,1,0
2,34,93,70,74,78,94,75,96,0,1,1,0,1,0
5,32,98,86,82,72,79,93,94,0,1,1,0,1,0
4,23,90,95,73,81,81,62,81,1,0,0,1,1,0
2,20,90,77,86,91,76,78,62,0,1,1,0,0,1
1,5,68,67,65,68,63,97,63,1,0,1,0,1,0
5,15,91,60,98,77,72,74,63,1,0,1,0,0,1
3,21,87,74,92,67,85,63,87,0,1,1,0,1,0
1,30,91,90,88,92,75,98,91,0,1,1,0,1,0
3,15,98,72,87,74,100,84,85,0,1,1,0,0,1
6,18,85,74,79,82,71,87,67,0,1,1,0,0,1
10,4,40,97,71,70,73,81,85,1,0,0,1,1,0
3,24,76,75,76,67,60,77,100,0,1,1,0,1,0
3,15,89,76,84,93,64,86,95,0,1,1,0,1,0
3,2,76,73,74,73,81,87,84,1,0,1,0,1,0
6,14,91,61,100,88,73,84,100,1,0,1,0,1,0
1,5,55,58,96,88,99,98,71,0,1,1,0,1,0
5,0,93,88,76,73,67,88,76,1,0,1,0,1,0
1,10,84,68,60,86,90,84,81,1,0,1,0,1,0
5,2,62,65,98,52,66,94,82,1,0,0,1,1,0
3,30,80,81,75,72,71,84,87,0,1,1,0,1,0
7,28,93,84,85,94,95,74,83,1,0,1,0,1,0
0,29,92,82,63,61,66,84,98,1,0,1,0,0,1
0,35,87,89,91,89,93,92,95,1,0,1,0,1,0
1,12,83,69,93,60,98,83,88,1,0,1,0,1,0
3,32,95,75,87,67,96,86,85,0,1,0,1,1,0
2,27,79,65,92,67,78,66,98,0,1,1,0,1,0
4,25,87,68,84,92,96,88,60,1,0,1,0,1,0
10,11,94,92,76,74,65,96,87,0,1,1,0,1,0
3,2,82,77,95,81,83,73,76,0,1,1,0,1,0
2,24,90,98,89,78,74,93,65,1,0,1,0,1,0
4,16,100,68,62,76,72,94,89,1,0,1,0,1,0
7,1,98,85,75,66,73,88,85,0,1,1,0,0,1
0,2,80,84,94,63,62,72,68,0,1,1,0,1,0
1,35,89,91,96,100,95,93,86,1,0,1,0,1,0
0,5,96,67,74,90,75,95,83,1,0,1,0,1,0
4,14,94,82,80,80,33,93,78,1,0,1,0,1,0
2,26,64,65,97,96,80,80,78,1,0,1,0,1,0
3,41,89,89,100,96,96,85,92,0,1,1,0,1,0
2,6,97,78,99,88,69,98,60,1,0,1,0,0,1
3,35,91,97,87,93,94,90,88,0,1,1,0,1,0
0,30,96,98,99,65,95,76,68,0,1,1,0,0,1
2,12,81,68,97,86,90,78,80,0,1,1,0,0,1
2,29,87,89,61,66,72,90,61,1,0,1,0,1,0
9,4,67,56,77,93,95,50,74,1,0,0,1,0,1
2,0,100,95,60,89,77,89,67,1,0,0,1,1,0
3,17,88,74,60,60,78,94,69,0,1,1,0,1,0
1,20,86,64,100,76,99,77,86,1,0,1,0,0,1
2,35,85,87,90,88,87,97,100,1,0,1,0,1,0
2,26,93,95,80,88,83,62,65,0,1,1,0,1,0
3,24,80,66,77,81,99,99,83,1,0,1,0,0,1
6,0,56,67,57,79,87,89,89,1,0,0,1,1,0
7,32,87,62,84,96,69,98,64,0,1,1,0,1,0
4,4,97,85,96,61,97,79,70,0,1,1,0,0,1
3,34,86,67,98,86,86,83,89,0,1,1,0,1,0
3,29,97,85,81,71,62,62,82,1,0,0,1,1,0
2,35,91,94,97,97,100,88,99,0,1,1,0,0,1
5,23,86,64,96,84,86,96,92,1,0,1,0,1,0
8,5,90,97,54,59,82,76,72,0,1,0,1,1,0
0,1,95,87,87,84,95,84,65,1,0,1,0,1,0
1,31,90,100,76,76,84,79,84,0,1,1,0,1,0
1,14,66,68,87,70,77,76,89,1,0,1,0,0,1
6,3,81,92,72,91,67,71,88,0,1,1,0,1,0
2,18,85,99,86,69,68,98,62,0,1,0,1,1,0
1,47,94,90,95,85,98,91,96,0,1,1,0,0,1
2,4,81,71,83,63,80,79,83,1,0,1,0,1,0
1,32,97,87,95,67,98,93,89,0,1,0,1,0,1
3,20,100,79,72,98,87,76,76,0,1,1,0,0,1
6,3,54,64,72,80,98,83,85,1,0,0,1,1,0
5,19,97,87,70,74,73,74,81,0,1,0,1,1,0
1,5,65,83,67,84,89,65,73,0,1,1,0,0,1
10,0,53,51,57,72,77,78,79,0,1,1,0,0,1
10,9,82,74,80,88,92,96,95,1,0,1,0,0,1
10,4,93,90,79,54,53,99,79,1,0,1,0,1,0
3,22,93,90,73,94,81,84,74,0,1,1,0,1,0
9,3,91,95,88,89,58,81,69,1,0,1,0,1,0
3,33,99,91,85,100,84,77,98,1,0,1,0,1,0
0,13,87,63,81,85,62,98,81,0,1,1,0,1,0
0,19,83,79,91,62,63,76,93,0,1,1,0,1,0
2,10,59,73,90,74,95,77,81,1,0,1,0,0,1
2,29,74,68,71,60,97,64,63,1,0,0,1,1,0
3,31,81,98,71,92,74,93,63,0,1,1,0,0,1
3,3,80,92,85,81,94,75,72,0,1,1,0,0,1
0,29,89,66,72,77,79,95,92,1,0,1,0,0,1
3,34,65,78,82,65,100,92,64,0,1,0,1,1,0
10,4,94,61,60,77,75,93,60,0,1,0,1,1,0
3,34,93,70,80,67,77,80,91,0,1,1,0,1,0
2,30,90,69,91,84,65,86,93,0,1,1,0,1,0
3,18,67,60,87,73,92,82,70,1,0,1,0,1,0
3,32,81,91,73,72,49,81,72,0,1,1,0,1,0
1,31,95,71,88,96,82,65,80,0,1,1,0,1,0
10,0,67,50,93,86,66,73,85,0,1,1,0,1,0
7,3,83,69,99,88,87,81,68,0,1,1,0,1,0
3,5,87,96,67,64,67,81,90,1,0,1,0,0,1
3,24,82,71,84,68,74,64,73,0,1,1,0,0,1
4,27,97,87,65,90,66,84,75,1,0,1,0,1,0
1,21,88,67,77,89,97,70,71,0,1,1,0,0,1
4,32,91,94,81,61,61,82,73,1,0,1,0,1,0
7,5,77,60,83,65,81,80,88,1,0,0,1,1,0
7,7,94,65,96,77,83,75,98,1,0,1,0,1,0
8,1,100,82,91,82,70,51,77,0,1,0,1,1,0
3,22,96,75,79,72,69,94,64,1,0,1,0,1,0
5,15,75,64,76,65,44,80,91,0,1,1,0,0,1
1,12,94,84,85,63,67,89,66,0,1,1,0,1,0
3,21,89,100,89,65,91,83,61,0,1,1,0,0,1
5,24,100,80,74,87,77,95,92,0,1,0,1,1,0
7,18,94,97,61,67,77,88,70,1,0,1,0,1,0
6,4,78,78,100,87,98,80,98,1,0,1,0,1,0
6,5,65,71,88,57,75,62,62,0,1,0,1,1,0
7,32,68,81,72,76,93,94,97,1,0,0,1,1,0
8,0,93,78,98,76,86,89,92,0,1,1,0,0,1
2,34,100,64,95,83,83,94,83,1,0,1,0,1,0
5,28,85,99,64,78,63,95,91,1,0,1,0,1,0
1,30,80,93,82,89,94,95,70,0,1,0,1,0,1
8,31,97,80,60,98,86,83,75,0,1,1,0,1,0
3,33,85,90,100,84,95,77,62,0,1,1,0,0,1
2,28,87,76,87,98,61,92,81,1,0,1,0,1,0
2,31,79,70,82,63,90,89,96,0,1,1,0,1,0
3,7,87,86,73,88,98,71,85,0,1,0,1,1,0
6,28,72,88,62,60,97,86,64,1,0,1,0,1,0
4,44,89,99,93,99,87,89,98,1,0,1,0,0,1
0,13,62,88,87,90,84,88,95,1,0,0,1,1,0
2,15,93,84,86,82,62,87,84,0,1,1,0,1,0
3,16,75,97,97,83,74,74,74,1,0,1,0,1,0
1,18,75,66,61,69,68,96,63,1,0,1,0,1,0
1,28,88,93,92,70,90,94,85,1,0,1,0,1,0
5,29,86,95,95,72,72,80,65,1,0,1,0,1,0
8,30,86,98,97,75,83,95,80,1,0,1,0,1,0
1,32,99,95,88,68,91,62,75,1,0,1,0,0,1
0,19,95,85,76,96,68,74,93,1,0,1,0,1,0
2,18,92,72,61,93,86,97,79,1,0,1,0,1,0
5,23,88,91,96,99,85,62,86,1,0,1,0,1,0
7,16,92,60,76,61,94,93,94,0,1,1,0,1,0
8,1,70,70,75,83,60,86,62,1,0,0,1,1,0
1,35,85,90,98,92,89,88,95,0,1,0,1,1,0
3,32,79,78,69,80,72,71,88,0,1,1,0,1,0
0,31,60,88,75,94,87,82,79,0,1,1,0,1,0
10,0,63,86,89,87,67,73,80,0,1,1,0,1,0
3,24,99,77,82,60,88,91,93,0,1,1,0,1,0
4,13,93,61,71,82,43,94,88,1,0,1,0,1,0
1,4,63,72,92,82,84,82,60,0,1,1,0,1,0
1,1,81,86,84,78,63,86,73,1,0,1,0,1,0
5,27,60,61,66,82,100,76,79,1,0,1,0,1,0
7,4,68,50,68,53,58,87,74,1,0,0,1,1,0
7,8,89,97,65,75,61,60,60,0,1,1,0,1,0
1,35,86,87,89,91,90,85,92,0,1,1,0,0,1
2,7,71,96,83,76,60,87,74,0,1,1,0,0,1
9,4,72,69,58,79,70,50,98,1,0,1,0,1,0
2,25,74,67,90,69,83,89,68,0,1,1,0,1,0
2,28,99,84,75,81,91,87,63,0,1,1,0,1,0
4,19,99,78,74,95,72,65,91,0,1,1,0,1,0
2,16,88,71,82,98,91,73,74,0,1,1,0,1,0
3,6,65,72,77,89,74,76,61,1,0,1,0,1,0
5,4,90,99,87,81,90,80,92,1,0,0,1,1,0
9,34,91,88,79,60,82,96,83,0,1,1,0,1,0
3,31,86,92,66,66,100,99,91,0,1,0,1,1,0
2,27,86,84,98,67,76,75,65,0,1,1,0,1,0
4,22,92,91,85,94,69,80,71,1,0,1,0,1,0
3,25,90,97,64,64,61,81,93,1,0,1,0,0,1
3,19,98,69,61,62,82,87,64,1,0,1,0,1,0
1,28,72,93,68,62,83,98,67,0,1,1,0,1,0
3,34,77,93,83,84,83,84,71,0,1,0,1,0,1
10,5,75,52,84,70,81,99,85,0,1,1,0,1,0
1,34,94,82,83,76,83,93,94,0,1,0,1,1,0
7,34,75,88,71,62,90,78,95,0,1,1,0,1,0
0,19,91,91,66,97,62,89,82,1,0,1,0,1,0
0,13,75,64,100,63,98,71,73,0,1,1,0,1,0
3,18,93,79,86,72,89,61,98,0,1,1,0,1,0
5,1,86,81,80,85,62,86,69,1,0,1,0,1,0
1,29,92,61,96,79,97,89,78,0,1,1,0,1,0
5,34,90,91,61,72,64,84,72,0,1,1,0,1,0
1,31,92,78,96,91,82,98,100,1,0,1,0,1,0
2,14,90,88,71,96,72,74,80,0,1,1,0,1,0
6,32,78,92,77,100,61,82,61,1,0,1,0,0,1
10,5,82,58,58,91,91,55,98,0,1,1,0,1,0
5,33,86,62,81,63,75,92,95,1,0,1,0,1,0
1,32,83,63,93,94,93,90,78,0,1,1,0,1,0
0,11,69,85,70,79,68,81,89,1,0,1,0,1,0
0,12,83,81,96,96,62,82,77,0,1,1,0,1,0
2,24,84,63,98,70,92,78,93,0,1,1,0,1,0
2,29,89,71,77,88,66,80,87,0,1,1,0,0,1
0,33,77,99,73,83,71,82,80,1,0,1,0,1,0
0,13,94,88,98,64,99,98,96,0,1,1,0,1,0
3,10,93,64,81,74,96,94,98,1,0,1,0,1,0
3,38,92,88,90,94,88,92,96,1,0,1,0,1,0
2,5,73,87,92,99,84,91,71,0,1,1,0,1,0
3,35,90,87,100,98,91,98,96,1,0,1,0,0,1
10,1,87,58,85,82,100,87,91,1,0,0,1,1,0
2,21,88,74,99,72,63,87,79,0,1,1,0,1,0
6,5,88,99,71,85,82,94,90,1,0,1,0,1,0
1,15,96,87,64,88,64,92,77,1,0,0,1,0,1
3,28,89,96,85,91,100,91,91,1,0,1,0,1,0
1,5,58,77,69,83,94,70,97,1,0,1,0,1,0
2,35,95,98,97,94,88,99,96,0,1,1,0,1,0
8,28,76,69,86,72,71,79,63,1,0,1,0,0,1
2,16,87,89,91,76,77,97,61,0,1,1,0,1,0
2,29,60,65,86,66,61,99,89,0,1,1,0,1,0
10,3,70,61,83,52,81,97,69,0,1,1,0,1,0
6,35,90,86,99,94,100,89,85,0,1,1,0,1,0
2,29,75,96,61,73,60,77,81,1,0,1,0,1,0
3,14,96,100,96,87,83,81,95,1,0,1,0,0,1
2,11,88,98,81,61,62,96,60,0,1,1,0,1,0
2,1,99,60,87,94,71,93,93,0,1,1,0,0,1
4,14,86,99,64,88,84,95,97,1,0,1,0,1,0
4,11,96,61,85,87,83,80,79,1,0,1,0,0,1
3,28,87,99,70,81,62,90,91,1,0,1,0,1,0
6,18,89,90,96,97,87,84,63,0,1,1,0,1,0
1,31,77,98,67,67,80,90,66,1,0,1,0,1,0
6,2,57,71,51,59,84,74,68,1,0,0,1,1,0
0,32,88,93,91,92,53,65,88,1,0,1,0,1,0
3,3,56,75,78,82,98,99,81,1,0,1,0,1,0
1,33,94,79,64,79,96,98,93,1,0,0,1,1,0
3,4,57,71,76,59,58,84,73,1,0,1,0,1,0
4,0,81,86,68,65,87,78,82,1,0,0,1,1,0
2,10,96,83,64,84,98,79,99,1,0,1,0,1,0
8,11,97,66,76,80,81,82,64,1,0,1,0,1,0
3,5,86,76,92,86,75,67,79,0,1,1,0,1,0
4,33,94,74,95,82,100,63,97,0,1,1,0,1,0
2,29,88,83,94,80,97,95,78,1,0,1,0,0,1
3,26,84,74,74,67,72,99,65,0,1,1,0,1,0
1,25,85,82,88,62,71,71,75,0,1,1,0,1,0
2,30,78,89,95,71,68,71,69,0,1,1,0,0,1
2,13,86,66,77,74,84,72,95,0,1,1,0,1,0
1,25,99,98,80,83,89,68,61,1,0,1,0,1,0
0,15,67,64,99,84,100,81,78,1,0,1,0,1,0
6,10,84,94,60,83,97,75,97,0,1,1,0,1,0
3,0,72,62,96,95,97,71,83,1,0,0,1,0,1
1,17,74,88,99,92,93,85,81,0,1,0,1,1,0
5,4,74,74,83,52,70,87,95,1,0,0,1,1,0
3,32,91,92,64,69,82,94,61,0,1,1,0,1,0
5,34,77,66,94,77,49,83,64,1,0,1,0,1,0
7,8,87,90,91,60,95,67,62,1,0,1,0,1,0
1,3,60,70,61,63,61,71,73,1,0,1,0,0,1
1,3,92,84,86,80,73,97,88,0,1,1,0,0,1
9,4,71,89,63,50,63,64,69,1,0,0,1,1,0
1,2,62,100,91,75,99,76,78,1,0,1,0,1,0
0,0,100,85,81,91,75,64,83,0,1,1,0,1,0
5,3,94,65,100,77,66,96,68,0,1,1,0,0,1
4,4,98,80,66,94,86,72,86,1,0,1,0,1,0
3,21,94,81,88,81,71,92,73,0,1,1,0,1,0
3,4,92,69,93,67,79,84,69,0,1,1,0,1,0
5,1,50,87,93,84,86,73,74,0,1,1,0,0,1
7,49,99,98,94,96,95,88,92,1,0,1,0,1,0
3,12,70,68,89,60,79,85,66,1,0,1,0,1,0
6,9,92,93,86,61,78,80,62,1,0,1,0,1,0
1,20,82,70,86,66,97,93,91,0,1,0,1,1,0
7,16,83,73,82,62,92,68,76,0,1,1,0,0,1
1,13,84,85,64,74,79,92,64,0,1,1,0,1,0
0,30,60,71,91,83,93,88,97,0,1,1,0,1,0
3,7,67,60,99,60,82,81,63,0,1,1,0,1,0
3,38,96,92,93,91,88,90,88,1,0,1,0,1,0
4,7,97,63,61,77,74,94,61,1,0,1,0,1,0
1,8,89,62,79,60,93,77,73,0,1,1,0,1,0
0,8,68,95,62,65,70,65,64,0,1,1,0,1,0
9,11,82,85,94,75,97,98,76,0,1,1,0,0,1
3,30,85,78,99,81,60,83,75,1,0,1,0,0,1
3,11,86,66,84,86,74,91,66,1,0,1,0,0,1
2,35,87,86,89,94,93,91,88,0,1,1,0,1,0
7,4,98,81,58,78,91,74,75,1,0,1,0,1,0
9,6,91,94,75,86,84,67,97,1,0,1,0,0,1
1,33,100,90,89,91,86,75,72,0,1,1,0,1,0
1,1,50,60,70,75,100,62,100,1,0,1,0,1,0
3,11,75,92,70,62,87,87,98,0,1,1,0,1,0
7,21,86,62,81,63,92,75,79,1,0,1,0,1,0
3,24,80,66,67,72,78,99,67,0,1,1,0,1,0
7,4,56,66,92,74,79,80,68,0,1,1,0,1,0
1,1,91,72,85,78,92,82,85,0,1,1,0,1,0
1,12,94,65,90,79,97,76,75,0,1,1,0,0,1
7,28,81,82,99,86,88,60,89,0,1,1,0,1,0
2,20,94,82,91,94,100,99,69,0,1,1,0,1,0
3,35,99,89,93,87,86,90,96,1,0,1,0,1,0
0,33,88,83,62,88,100,83,84,1,0,1,0,1,0
6,4,79,74,68,82,65,73,89,1,0,1,0,1,0
4,1,49,85,70,90,79,71,67,0,1,0,1,1,0
5,7,97,99,67,87,66,68,67,1,0,1,0,1,0
3,27,96,70,82,71,99,90,65,0,1,1,0,1,0
2,34,89,71,75,65,74,93,90,1,0,1,0,1,0
2,17,94,90,77,65,83,79,96,1,0,0,1,1,0
1,18,62,73,95,68,61,60,68,0,1,1,0,1,0
2,9,68,94,92,77,79,88,74,1,0,1,0,0,1
2,3,58,66,99,98,69,65,78,1,0,1,0,1,0
5,28,92,77,75,84,74,82,78,1,0,1,0,1,0
5,28,90,78,86,83,98,71,84,1,0,1,0,1,0
2,26,84,67,89,96,88,60,88,1,0,1,0,1,0
10,4,81,85,50,53,55,91,78,1,0,0,1,0,1
3,15,87,89,94,82,81,98,88,1,0,1,0,1,0
3,33,88,75,83,74,76,72,61,1,0,1,0,1,0
3,31,76,83,100,96,65,98,97,1,0,1,0,0,1
5,7,60,66,65,90,61,96,74,0,1,1,0,0,1
1,26,85,64,98,68,70,63,77,1,0,1,0,1,0
9,3,73,88,57,93,85,85,77,1,0,1,0,1,0
5,31,99,81,80,89,75,83,93,0,1,1,0,1,0
4,1,95,57,77,81,83,57,70,0,1,1,0,1,0
4,30,92,90,92,78,59,68,96,0,1,1,0,0,1
2,28,100,94,76,60,95,90,66,0,1,1,0,0,1
3,24,89,67,98,94,89,60,95,1,0,0,1,1,0
1,28,94,66,68,94,62,76,77,1,0,1,0,0,1
6,6,89,64,78,85,68,84,99,0,1,1,0,1,0
9,5,74,79,82,51,67,65,82,1,0,0,1,0,1
2,12,95,82,70,81,94,93,69,1,0,1,0,1,0
7,3,93,74,98,100,62,83,87,0,1,1,0,1,0
4,26,94,91,98,94,88,97,94,1,0,1,0,1,0
4,18,85,80,84,96,45,84,90,1,0,1,0,1,0
5,31,94,98,74,94,35,95,80,1,0,1,0,1,0
1,17,95,88,85,66,70,72,97,1,0,1,0,1,0
2,23,97,82,100,69,64,73,88,1,0,1,0,0,1
0,17,100,83,67,77,88,76,84,0,1,1,0,1,0
4,29,99,65,97,89,87,72,86,0,1,1,0,1,0
0,13,97,67,79,76,76,66,97,1,0,1,0,1,0
10,2,53,98,66,80,82,89,85,1,0,0,1,0,1
3,35,99,85,98,91,86,97,85,1,0,1,0,1,0
5,35,99,89,88,94,99,89,92,1,0,1,0,1,0
3,28,79,83,78,89,83,79,76,0,1,1,0,1,0
6,2,94,95,75,73,51,89,77,0,1,0,1,0,1
6,28,97,73,92,64,66,96,65,0,1,1,0,0,1
3,26,87,70,65,64,30,72,68,0,1,1,0,0,1
7,26,82,82,87,92,64,70,72,0,1,1,0,1,0
1,22,94,98,96,88,96,61,80,1,0,1,0,1,0
1,26,99,85,97,72,79,92,82,0,1,0,1,1,0
1,16,68,83,74,87,71,86,82,1,0,1,0,1,0
10,2,67,82,81,83,57,59,91,1,0,1,0,1,0
4,10,92,65,81,79,84,85,74,0,1,1,0,0,1
3,21,69,77,82,93,92,90,71,1,0,1,0,0,1
1,30,92,98,61,99,77,72,75,0,1,0,1,1,0
6,24,90,64,90,75,64,96,71,1,0,1,0,1,0
1,33,91,92,73,97,61,63,71,0,1,0,1,1,0
5,3,65,67,91,81,97,99,75,1,0,1,0,1,0
2,34,98,80,70,60,88,65,92,1,0,1,0,1,0
6,2,70,89,78,87,87,62,85,1,0,1,0,0,1
2,17,97,97,90,69,75,68,70,1,0,1,0,1,0
1,18,80,71,89,81,75,81,63,0,1,1,0,1,0
2,16,70,75,79,77,65,92,78,0,1,1,0,1,0
3,21,96,79,92,85,95,69,65,0,1,1,0,0,1
1,24,99,62,65,67,97,73,96,0,1,1,0,1,0
3,27,76,72,97,65,87,93,84,1,0,1,0,0,1
4,24,86,68,98,87,61,78,96,1,0,0,1,0,1
5,27,98,100,100,81,73,75,99,0,1,1,0,1,0
3,14,88,74,88,92,83,71,89,0,1,1,0,1,0
8,30,89,65,71,96,65,63,100,0,1,1,0,1,0
1,24,88,100,89,87,76,89,85,1,0,1,0,1,0
4,0,78,73,89,86,69,84,97,1,0,1,0,1,0
3,35,87,85,96,98,88,99,92,0,1,1,0,1,0
2,21,90,76,64,88,80,75,70,1,0,1,0,1,0
1,15,88,67,90,89,49,85,63,0,1,0,1,1,0
1,5,99,72,90,83,90,99,97,1,0,1,0,1,0
10,3,41,99,84,63,92,72,81,0,1,0,1,1,0
4,8,98,90,70,97,69,79,74,1,0,1,0,1,0
0,1,91,66,91,62,82,69,62,1,0,1,0,1,0
9,5,68,72,92,51,96,88,81,1,0,0,1,0,1
1,26,79,100,79,60,100,84,93,1,0,0,1,0,1
2,24,77,66,61,98,90,95,73,1,0,1,0,1,0
5,24,89,100,90,81,86,80,92,1,0,1,0,1,0
0,9,94,69,80,66,62,61,88,0,1,0,1,0,1
2,3,80,85,85,60,77,90,81,0,1,1,0,1,0
2,1,79,88,97,94,89,82,97,0,1,1,0,1,0
2,15,92,65,88,78,67,95,96,1,0,1,0,1,0
5,32,85,62,92,89,92,75,78,1,0,1,0,1,0
3,26,75,83,66,70,57,77,96,1,0,1,0,1,0
5,32,88,65,75,73,66,98,81,0,1,1,0,0,1
0,35,93,89,88,86,85,89,95,0,1,1,0,1,0
3,2,86,93,91,64,69,71,64,0,1,1,0,1,0
1,13,62,91,92,61,85,98,72,0,1,1,0,1,0
2,20,82,74,80,60,96,76,99,1,0,0,1,0,1
5,5,83,94,77,97,78,60,85,1,0,1,0,1,0
1,5,98,75,62,64,68,80,79,0,1,1,0,1,0
2,34,84,74,90,99,90,92,72,1,0,1,0,1,0
6,34,91,75,82,68,88,98,88,1,0,1,0,1,0
2,21,83,81,96,62,66,90,91,0,1,1,0,1,0
4,27,83,63,84,82,78,60,71,1,0,1,0,1,0
0,31,90,72,62,84,74,75,100,0,1,1,0,1,0
4,31,81,92,97,73,90,90,60,0,1,1,0,1,0
3,12,89,67,87,61,91,80,76,1,0,0,1,1,0
2,13,97,65,96,92,91,66,74,0,1,1,0,1,0
3,28,97,88,88,79,100,74,83,0,1,1,0,1,0
5,27,100,89,98,81,78,91,87,0,1,1,0,1,0
3,4,98,63,82,61,79,70,86,1,0,0,1,1,0
2,33,97,98,83,87,60,78,70,0,1,1,0,1,0
4,18,78,80,73,91,34,73,60,1,0,1,0,1,0
0,29,100,92,67,89,90,83,89,1,0,1,0,1,0
1,13,92,77,89,97,61,93,82,1,0,1,0,1,0
4,5,81,95,84,85,82,62,63,0,1,1,0,1,0
6,15,98,67,74,94,94,96,85,1,0,1,0,1,0
2,2,62,74,98,97,72,72,95,0,1,1,0,1,0
3,27,95,88,85,86,76,78,81,1,0,1,0,1,0
1,22,87,90,80,88,71,95,81,0,1,1,0,1,0
5,24,85,85,67,91,75,93,81,1,0,1,0,0,1
6,27,96,72,66,80,72,83,98,1,0,1,0,1,0
2,25,83,63,66,67,60,60,61,1,0,1,0,1,0
3,17,89,92,88,99,92,62,71,0,1,1,0,1,0
1,14,90,73,98,72,69,84,86,0,1,1,0,1,0
5,14,99,72,74,88,90,81,95,1,0,1,0,1,0
1,3,62,67,96,67,82,65,73,0,1,1,0,1,0
7,5,42,79,79,59,61,87,65,1,0,1,0,1,0
10,2,46,52,87,80,76,73,76,1,0,1,0,0,1
3,4,92,63,100,97,91,87,68,0,1,1,0,1,0
10,33,94,89,96,98,61,95,67,1,0,1,0,1,0
2,31,89,99,89,71,74,94,78,0,1,1,0,1,0
1,16,90,100,98,95,97,74,63,0,1,1,0,1,0
5,15,69,81,83,68,76,90,95,0,1,1,0,1,0
7,5,40,51,67,63,98,54,79,1,0,1,0,0,1
10,3,42,92,60,54,68,69,76,0,1,0,1,1,0
8,4,82,91,69,61,79,76,83,1,0,1,0,1,0
1,29,82,93,67,79,84,90,64,1,0,1,0,0,1
7,18,76,80,93,74,73,63,81,0,1,1,0,0,1
2,16,80,62,66,88,75,98,68,1,0,1,0,1,0
0,23,87,90,92,62,96,77,80,0,1,1,0,1,0
3,28,91,98,60,88,63,78,95,1,0,0,1,1,0
7,31,100,94,94,87,65,83,95,1,0,1,0,1,0
9,5,56,60,88,96,57,68,76,1,0,1,0,1,0
2,6,84,86,96,95,75,61,99,0,1,1,0,1,0
1,33,86,86,64,61,97,97,91,0,1,1,0,1,0
7,0,79,67,72,50,75,95,62,1,0,1,0,1,0
6,19,99,78,61,64,75,66,76,1,0,1,0,0,1
2,26,95,79,95,62,69,82,94,1,0,1,0,1,0
1,3,65,67,90,99,93,91,99,1,0,1,0,1,0
2,10,85,90,61,94,86,79,90,0,1,1,0,1,0
5,24,99,82,81,98,86,85,85,1,0,1,0,1,0
5,1,88,62,65,98,92,64,82,1,0,1,0,1,0
1,25,100,87,88,100,89,98,71,1,0,1,0,1,0
10,15,62,63,94,74,75,86,100,1,0,1,0,1,0
10,3,84,75,61,87,86,67,93,0,1,0,1,1,0
3,14,60,61,71,60,69,91,84,1,0,1,0,0,1
9,31,96,76,74,92,96,74,99,0,1,1,0,1,0
2,9,58,81,100,97,74,90,87,1,0,1,0,0,1
1,8,90,67,73,82,66,75,90,1,0,1,0,1,0
2,22,75,80,65,80,55,86,95,0,1,1,0,1,0
3,11,76,82,74,79,81,93,72,1,0,1,0,1,0
10,2,81,100,64,61,91,76,93,1,0,0,1,1,0
2,21,73,98,72,100,77,62,69,1,0,1,0,1,0
1,28,60,64,84,64,66,96,99,1,0,1,0,1,0
9,4,89,100,72,73,78,67,91,1,0,0,1,1,0
4,35,91,98,93,93,88,96,97,0,1,1,0,1,0
6,27,85,72,80,85,94,96,87,0,1,1,0,1,0
0,14,81,84,69,99,55,68,73,0,1,1,0,0,1
10,1,67,63,65,95,52,84,77,1,0,1,0,1,0
4,29,86,71,86,93,99,92,77,0,1,1,0,1,0
1,33,94,85,78,66,95,87,95,1,0,1,0,1,0
1,18,83,96,72,81,86,93,75,0,1,1,0,1,0
2,11,98,77,91,88,87,76,68,0,1,1,0,1,0
5,3,46,63,60,61,66,91,97,1,0,0,1,1,0
2,19,95,92,73,94,73,70,94,0,1,1,0,1,0
1,31,88,68,81,68,73,61,93,0,1,1,0,1,0
5,28,90,73,78,72,63,88,72,0,1,1,0,0,1
10,11,100,60,87,60,86,93,75,0,1,1,0,1,0
1,16,76,76,92,86,79,85,78,0,1,1,0,1,0
3,4,73,73,81,78,82,85,66,0,1,1,0,1,0
1,15,96,95,67,88,68,93,75,1,0,1,0,1,0
4,31,85,87,99,65,66,95,77,0,1,1,0,1,0
4,29,91,93,62,63,100,85,85,0,1,1,0,1,0
5,27,61,85,92,62,64,66,95,0,1,1,0,1,0
1,29,79,69,78,78,99,61,87,0,1,1,0,1,0
2,23,99,75,79,87,63,90,90,1,0,1,0,1,0
2,32,81,64,81,92,87,84,95,1,0,1,0,1,0
5,9,91,87,71,98,93,83,81,1,0,1,0,1,0
3,16,91,84,95,97,88,70,77,1,0,1,0,1,0
2,29,100,79,77,61,79,70,69,0,1,1,0,1,0
3,5,60,69,80,87,100,93,92,1,0,1,0,0,1
3,14,90,95,68,75,71,68,95,0,1,1,0,1,0
2,20,94,88,78,99,65,76,68,0,1,1,0,1,0
2,28,90,79,64,93,81,63,76,1,0,1,0,1,0
2,13,78,89,83,80,67,90,93,1,0,0,1,1,0
9,3,40,73,88,95,64,61,92,0,1,0,1,0,1
5,26,97,84,70,90,97,95,87,1,0,1,0,1,0
3,8,84,98,71,62,89,86,67,0,1,0,1,1,0
3,4,64,66,56,59,68,68,84,1,0,1,0,1,0
4,20,89,88,86,77,87,88,78,0,1,1,0,0,1
3,34,99,93,98,74,87,88,78,0,1,1,0,1,0
2,42,85,96,98,85,95,96,97,0,1,1,0,1,0
6,4,89,78,89,91,76,96,81,0,1,1,0,1,0
6,14,97,92,64,93,60,63,90,1,0,1,0,0,1
1,29,86,100,86,96,73,60,77,0,1,1,0,1,0
3,34,72,86,69,81,67,98,72,1,0,1,0,1,0
3,1,63,78,97,67,72,64,67,0,1,1,0,1,0
5,27,99,78,92,65,90,96,96,0,1,1,0,1,0
4,30,81,85,64,61,86,80,83,1,0,1,0,1,0
10,33,72,80,84,91,96,93,74,0,1,1,0,1,0
1,15,94,98,65,98,78,96,86,1,0,1,0,1,0
2,5,58,71,73,65,63,85,64,1,0,1,0,1,0
3,29,61,86,78,80,94,60,88,0,1,1,0,1,0
1,28,89,76,100,100,99,68,79,1,0,0,1,1,0
9,1,96,58,65,62,76,93,77,1,0,0,1,1,0
2,22,96,73,80,99,91,82,91,1,0,1,0,1,0
6,21,60,88,75,86,72,80,69,0,1,1,0,1,0
2,34,93,65,81,94,92,60,100,0,1,1,0,1,0
3,33,93,63,69,97,64,82,83,0,1,1,0,1,0
10,3,58,65,72,98,56,59,81,1,0,1,0,0,1
1,0,73,85,84,88,78,87,76,1,0,0,1,1,0
9,3,93,51,58,70,63,64,89,0,1,1,0,1,0
0,20,92,66,77,96,92,62,90,1,0,1,0,1,0
1,18,99,99,69,92,95,79,81,0,1,1,0,1,0
1,35,99,96,99,91,94,92,99,1,0,1,0,1,0
2,3,73,70,80,74,71,90,80,1,0,1,0,1,0
1,27,87,91,92,66,62,89,76,1,0,1,0,1,0
4,32,86,78,81,87,99,71,97,0,1,1,0,1,0
1,30,89,93,71,84,63,61,76,0,1,1,0,1,0
7,3,96,64,85,86,93,92,65,0,1,1,0,1,0
2,19,90,73,71,68,74,87,66,1,0,1,0,0,1
2,9,98,65,66,87,78,84,91,1,0,1,0,1,0
3,26,85,87,85,69,80,99,93,0,1,1,0,1,0
1,28,85,96,100,75,63,87,89,1,0,1,0,1,0
1,35,89,94,92,98,92,92,99,1,0,0,1,1,0
4,32,93,97,93,66,83,88,79,0,1,1,0,1,0
2,35,96,91,95,88,89,85,92,1,0,0,1,1,0
3,26,84,64,98,100,89,79,96,1,0,1,0,1,0
3,14,76,97,99,83,74,94,99,0,1,1,0,1,0
4,26,80,78,71,69,76,97,77,1,0,1,0,1,0
5,3,63,77,89,79,79,60,81,1,0,1,0,0,1
1,33,90,86,100,90,76,66,83,0,1,1,0,1,0
1,35,85,93,85,91,86,94,89,0,1,1,0,1,0
1,22,78,81,94,64,61,91,88,1,0,1,0,1,0
2,23,74,90,90,80,91,92,100,1,0,1,0,1,0
2,27,83,89,95,70,95,80,70,0,1,1,0,0,1
6,31,87,96,79,79,74,86,85,0,1,1,0,1,0
1,26,90,77,84,70,77,86,70,1,0,1,0,1,0
4,1,73,71,95,63,62,85,99,1,0,1,0,1,0
2,7,79,78,100,90,89,80,68,1,0,1,0,1,0
1,4,62,84,74,74,66,61,90,1,0,1,0,0,1
0,31,87,78,96,84,97,89,82,0,1,1,0,1,0
7,23,81,83,79,94,37,84,71,0,1,1,0,0,1
4,5,83,66,94,75,72,78,74,1,0,1,0,1,0
10,1,90,50,84,90,83,62,100,0,1,1,0,1,0
3,4,75,69,97,98,60,60,85,0,1,1,0,1,0
0,23,94,61,81,64,75,72,61,0,1,1,0,0,1
3,15,91,68,62,82,70,92,73,0,1,1,0,1,0
2,24,96,88,68,95,67,95,75,0,1,1,0,1,0
2,31,85,76,82,85,73,60,90,0,1,1,0,1,0
4,29,71,93,90,89,69,94,79,0,1,1,0,1,0
3,49,98,90,87,92,92,99,98,1,0,1,0,1,0
4,6,66,97,82,70,93,68,98,0,1,1,0,1,0
7,33,99,82,69,84,79,88,67,0,1,1,0,0,1
5,10,71,70,87,62,92,63,80,1,0,0,1,0,1
1,13,74,76,81,69,98,96,65,1,0,1,0,1,0
6,25,93,60,71,63,75,76,77,1,0,1,0,0,1
2,35,89,90,99,91,94,96,85,1,0,1,0,1,0
8,1,66,53,85,84,98,86,79,0,1,0,1,0,1
1,29,80,96,79,95,74,95,61,0,1,1,0,1,0
3,20,97,93,67,85,90,72,96,0,1,1,0,1,0
3,49,87,86,87,91,86,96,92,0,1,0,1,1,0
4,13,77,87,83,81,60,92,76,1,0,1,0,1,0
2,20,99,93,90,79,93,71,84,1,0,1,0,1,0
2,18,89,75,65,100,74,71,75,1,0,1,0,0,1
1,23,86,79,69,60,76,76,92,0,1,1,0,1,0
0,10,82,86,91,68,80,62,81,1,0,1,0,1,0
4,4,79,100,75,85,100,81,64,1,0,1,0,0,1
1,11,89,70,92,100,100,95,65,0,1,1,0,1,0
3,15,77,73,67,67,88,89,99,1,0,1,0,1,0
1,16,95,79,85,73,74,86,68,1,0,1,0,0,1
10,5,63,54,57,51,63,88,83,0,1,1,0,0,1
1,26,98,85,95,92,74,79,63,1,0,1,0,0,1
2,29,76,81,69,87,60,93,62,0,1,1,0,1,0
10,3,40,81,54,70,53,98,61,1,0,1,0,1,0
4,32,89,84,84,100,77,62,69,0,1,1,0,0,1
5,24,86,75,97,93,88,74,97,1,0,1,0,1,0
3,20,99,77,60,99,100,83,72,1,0,1,0,0,1
5,1,67,61,61,82,69,87,97,1,0,0,1,0,1
9,0,43,87,81,61,65,53,84,0,1,1,0,1,0
8,5,40,97,92,93,92,65,82,0,1,1,0,0,1
2,5,65,93,67,73,57,72,97,1,0,1,0,1,0
6,1,96,92,64,54,87,60,88,0,1,1,0,1,0
1,27,96,92,80,61,66,98,70,1,0,1,0,0,1
1,29,90,84,90,81,92,83,69,0,1,0,1,1,0
9,4,85,57,77,81,65,75,85,1,0,0,1,1,0
8,4,92,96,80,98,61,84,74,1,0,0,1,0,1
3,21,100,82,84,100,90,62,87,0,1,1,0,1,0
3,31,94,63,98,73,63,98,100,1,0,1,0,1,0
3,15,85,76,94,89,85,83,80,1,0,1,0,1,0
0,30,80,84,82,69,91,80,96,0,1,1,0,1,0
1,31,99,61,91,73,89,62,82,0,1,1,0,1,0
7,23,70,91,81,61,64,93,96,0,1,1,0,1,0
1,23,62,72,78,96,70,74,72,0,1,1,0,1,0
0,27,94,97,73,79,84,66,64,1,0,0,1,1,0
3,5,79,93,100,83,78,80,87,1,0,1,0,0,1
10,4,47,75,53,60,90,59,86,1,0,0,1,1,0
9,21,100,73,70,71,73,96,67,1,0,1,0,1,0
5,26,90,69,75,98,70,75,80,0,1,1,0,1,0
2,13,63,94,65,98,69,90,85,1,0,1,0,1,0
7,10,78,76,93,88,83,99,98,1,0,1,0,1,0
4,25,95,94,69,73,71,93,71,1,0,1,0,1,0
4,13,88,92,66,100,98,99,70,1,0,1,0,1,0
2,29,87,86,95,92,91,79,64,0,1,1,0,1,0
4,1,89,100,81,62,75,68,71,1,0,1,0,1,0
2,11,89,65,82,77,90,76,84,1,0,0,1,1,0
1,26,90,100,89,69,100,95,94,1,0,1,0,1,0
0,12,99,75,71,90,92,78,69,1,0,1,0,1,0
0,32,91,75,77,95,80,95,88,0,1,0,1,1,0
5,28,75,99,60,90,51,77,84,1,0,1,0,1,0
1,34,60,93,99,81,96,92,80,1,0,1,0,1,0
6,17,90,64,79,66,96,61,81,1,0,1,0,1,0
2,31,93,74,80,79,70,66,91,1,0,1,0,1,0
2,25,93,74,96,69,71,82,76,0,1,1,0,0,1
7,14,92,74,90,87,89,94,87,1,0,1,0,1,0
2,2,86,60,91,82,73,77,64,1,0,1,0,1,0
10,5,64,69,85,99,76,98,60,0,1,0,1,1,0
2,2,91,87,84,91,96,88,82,1,0,1,0,1,0
3,33,76,66,96,86,85,62,68,0,1,1,0,1,0
6,33,72,67,65,76,69,81,70,0,1,1,0,1,0
1,5,63,86,72,72,90,75,92,1,0,1,0,1,0
3,23,94,61,72,70,87,82,76,0,1,0,1,1,0
10,2,70,75,59,91,53,97,95,1,0,1,0,1,0
3,23,83,69,66,95,93,77,77,1,0,1,0,1,0
6,3,50,61,50,96,70,58,86,1,0,1,0,1,0
0,48,99,89,96,98,89,98,93,0,1,1,0,1,0
3,32,76,85,62,65,79,81,61,0,1,1,0,1,0
4,3,71,66,52,99,87,89,70,0,1,0,1,0,1
1,24,60,78,96,93,62,60,83,0,1,1,0,1,0
4,21,87,74,81,65,74,91,82,1,0,1,0,1,0
10,0,93,84,65,56,67,92,81,0,1,1,0,1,0
0,25,87,87,69,71,74,91,74,1,0,1,0,1,0
3,10,93,68,61,78,80,65,77,1,0,1,0,1,0
1,4,96,64,91,69,60,62,62,0,1,1,0,1,0
2,7,62,73,74,72,83,63,79,1,0,1,0,1,0
8,0,50,80,100,81,61,68,72,0,1,0,1,1,0
4,2,71,68,77,73,68,73,64,1,0,1,0,1,0
0,16,99,88,88,90,82,88,90,0,1,1,0,0,1
4,12,100,67,100,60,94,72,70,0,1,1,0,1,0
9,4,77,59,60,98,74,76,60,0,1,0,1,1,0
3,23,88,73,86,75,65,62,83,0,1,1,0,0,1
6,15,88,99,64,79,52,75,92,1,0,1,0,1,0
2,31,99,88,97,97,71,67,79,0,1,1,0,1,0
8,3,50,88,58,78,83,97,88,0,1,0,1,1,0
4,2,69,93,62,99,98,98,68,1,0,1,0,1,0
5,35,89,86,96,92,97,89,95,1,0,1,0,1,0
5,27,93,97,77,70,81,83,87,0,1,1,0,1,0
5,32,96,83,67,86,81,92,73,1,0,1,0,1,0
4,24,92,98,93,60,74,84,97,1,0,0,1,1,0
3,29,99,72,65,66,71,85,83,0,1,1,0,0,1
10,4,86,59,81,55,77,69,87,0,1,1,0,0,1
4,17,91,92,95,90,73,75,95,0,1,1,0,1,0
3,18,95,91,74,61,94,86,87,0,1,0,1,1,0
5,15,61,94,87,74,92,79,97,0,1,1,0,1,0
1,32,65,89,70,71,74,97,64,0,1,1,0,1,0
7,3,94,97,97,75,79,68,92,1,0,1,0,1,0
5,31,94,68,89,90,91,98,72,1,0,1,0,1,0
5,3,56,67,87,97,88,57,86,0,1,1,0,0,1
7,25,89,63,88,73,78,84,74,0,1,1,0,1,0
1,0,65,70,100,66,71,61,61,0,1,0,1,0,1
1,29,91,96,63,81,97,74,66,0,1,0,1,1,0
1,17,88,100,71,85,72,91,81,1,0,1,0,1,0
4,0,49,51,57,80,89,53,76,1,0,0,1,1,0
5,25,73,94,74,72,80,98,100,0,1,1,0,1,0
2,23,94,94,74,66,73,92,80,0,1,1,0,1,0
5,4,84,61,59,76,72,54,66,1,0,0,1,1,0
7,11,97,91,91,61,68,77,97,0,1,1,0,0,1
7,12,82,84,69,66,65,74,68,1,0,1,0,1,0
2,48,96,97,98,98,97,96,89,1,0,0,1,1,0
4,0,44,98,53,68,94,91,84,0,1,1,0,0,1
7,12,97,64,90,69,88,83,77,0,1,1,0,0,1
1,31,77,93,65,68,71,75,76,1,0,1,0,0,1
9,19,89,99,96,72,84,62,98,1,0,0,1,1,0
0,17,86,92,65,81,73,84,79,1,0,1,0,1,0
6,24,73,71,84,96,92,94,75,0,1,1,0,0,1
2,11,61,75,95,62,93,92,87,1,0,1,0,1,0
6,2,81,90,75,83,70,55,62,0,1,0,1,1,0
2,32,90,99,94,91,92,85,64,1,0,0,1,0,1
7,5,88,60,87,95,65,75,76,0,1,1,0,1,0
5,23,86,92,84,82,88,84,65,0,1,1,0,0,1
8,14,78,75,82,91,86,76,69,1,0,1,0,1,0
6,1,73,90,70,80,64,53,79,0,1,0,1,1,0
4,32,98,82,91,93,85,75,78,0,1,1,0,1,0
1,34,81,79,100,88,81,64,95,0,1,1,0,1,0
2,13,73,87,72,98,82,89,98,1,0,1,0,0,1
1,24,84,95,87,100,96,92,76,0,1,1,0,1,0
5,32,81,90,82,80,98,81,91,1,0,1,0,1,0
2,21,100,77,90,83,88,91,80,0,1,1,0,1,0
6,0,83,50,59,77,66,87,60,1,0,0,1,1,0
6,34,87,75,90,82,99,66,92,1,0,1,0,1,0
2,14,96,94,60,62,86,79,79,0,1,1,0,1,0
3,25,98,76,69,75,76,98,81,0,1,1,0,1,0
3,5,83,66,97,95,91,76,80,1,0,1,0,1,0
10,3,86,59,83,81,100,82,99,1,0,0,1,1,0
7,20,82,67,88,62,73,64,79,1,0,1,0,1,0
1,26,82,98,78,63,83,91,94,0,1,1,0,0,1
9,2,100,71,70,86,80,91,62,1,0,1,0,1,0
3,1,100,80,88,81,93,93,84,1,0,1,0,0,1
10,1,83,93,75,55,82,51,91,0,1,1,0,1,0
10,25,93,92,71,89,91,76,61,1,0,1,0,1,0
5,35,86,86,100,86,94,87,85,1,0,1,0,1,0
3,2,50,78,67,95,82,97,80,1,0,0,1,1,0
7,5,78,68,56,50,76,67,97,1,0,1,0,1,0
3,24,91,69,82,87,100,93,100,1,0,1,0,1,0
0,5,73,100,78,77,71,61,66,1,0,1,0,1,0
6,3,99,66,81,69,82,73,72,1,0,1,0,1,0
6,5,88,82,99,65,83,65,98,0,1,1,0,1,0
1,33,100,82,85,68,97,81,100,1,0,1,0,1,0
2,15,100,62,84,66,88,90,71,0,1,1,0,1,0
5,32,99,61,76,95,79,78,66,1,0,0,1,1,0
0,14,81,99,85,72,67,78,69,0,1,1,0,0,1
3,47,90,86,98,97,99,96,85,0,1,1,0,1,0
4,6,67,88,89,90,78,84,73,1,0,1,0,1,0
5,3,68,91,78,63,90,95,80,0,1,1,0,0,1
1,42,93,90,93,89,92,93,100,0,1,1,0,0,1
1,22,94,95,80,60,89,93,88,0,1,1,0,1,0
7,1,88,96,74,90,82,70,83,1,0,1,0,1,0
1,21,75,93,66,63,68,91,99,1,0,1,0,0,1
4,50,99,89,87,90,87,90,95,0,1,1,0,1,0
7,29,93,64,86,82,35,73,84,0,1,0,1,1,0
4,31,73,95,78,79,84,89,96,1,0,1,0,1,0
6,5,64,61,76,100,93,61,65,1,0,1,0,1,0
1,25,76,87,98,88,94,86,64,0,1,1,0,0,1
2,22,91,93,82,81,95,91,70,1,0,1,0,1,0
8,1,70,98,51,51,96,96,70,1,0,1,0,0,1
5,26,90,92,95,85,93,69,65,1,0,1,0,1,0
9,3,93,83,61,95,70,93,65,0,1,1,0,1,0
7,12,61,99,66,99,100,70,60,0,1,0,1,1,0
1,1,51,69,85,61,59,81,63,0,1,1,0,1,0
4,18,91,72,69,88,92,61,76,1,0,1,0,0,1
3,27,96,64,76,97,81,87,99,0,1,1,0,1,0
5,24,93,75,84,66,74,99,66,1,0,1,0,1,0
1,19,70,96,60,87,92,63,95,1,0,1,0,0,1
2,47,90,90,93,87,93,99,100,0,1,1,0,1,0
1,11,69,78,80,60,76,86,96,0,1,1,0,1,0
2,29,89,90,72,98,96,84,87,1,0,1,0,1,0
2,14,86,99,90,61,66,96,87,0,1,1,0,0,1
5,4,80,61,89,98,73,90,88,1,0,1,0,1,0
4,15,93,77,85,95,60,99,67,1,0,1,0,1,0
5,32,87,91,86,96,65,77,83,1,0,1,0,1,0
7,33,86,88,96,86,87,99,80,0,1,1,0,1,0
4,29,87,80,97,98,91,64,97,1,0,1,0,0,1
2,31,96,83,97,100,85,92,69,0,1,1,0,1,0
5,29,90,89,70,90,83,82,87,1,0,1,0,1,0
5,0,89,65,65,91,76,91,92,1,0,0,1,1,0
6,1,98,62,75,72,81,73,93,1,0,0,1,1,0
3,42,99,100,87,96,93,92,88,1,0,1,0,1,0
9,2,99,65,100,93,91,60,83,1,0,0,1,0,1
3,1,55,81,72,100,87,85,94,0,1,1,0,1,0
1,11,86,87,64,74,60,89,84,0,1,1,0,1,0
4,18,89,65,60,70,86,62,74,1,0,0,1,1,0
2,35,94,97,90,93,85,95,92,1,0,1,0,0,1
1,1,85,61,100,75,70,89,80,0,1,1,0,1,0
0,12,78,70,90,68,90,87,77,0,1,0,1,1,0
2,21,75,67,64,80,79,77,80,1,0,1,0,1,0
2,18,82,61,89,88,74,78,72,0,1,1,0,0,1
6,5,41,53,64,62,79,50,65,0,1,0,1,1,0
5,2,44,79,83,50,52,79,96,1,0,1,0,1,0
5,27,81,94,61,86,72,97,82,0,1,1,0,0,1
6,18,77,90,74,65,100,76,80,1,0,0,1,1,0
2,28,97,97,70,94,66,83,66,0,1,1,0,1,0
5,1,66,83,79,65,57,61,86,0,1,1,0,1,0
7,42,91,96,96,90,97,85,98,0,1,1,0,1,0
8,21,76,84,95,66,84,74,64,1,0,1,0,1,0
4,31,97,93,60,90,85,72,83,0,1,1,0,1,0
8,34,83,94,93,62,92,98,94,1,0,1,0,1,0
1,5,98,83,93,73,100,82,81,0,1,1,0,0,1
3,46,91,88,88,91,85,95,88,0,1,1,0,1,0
3,9,82,84,93,89,88,76,98,1,0,1,0,1,0
5,26,77,86,62,85,72,98,90,0,1,1,0,1,0
3,31,95,98,76,61,87,72,100,1,0,1,0,1,0
4,27,80,76,71,62,92,99,77,0,1,1,0,1,0
7,28,89,79,97,61,64,79,72,0,1,0,1,1,0
3,5,69,87,91,82,86,77,80,1,0,1,0,0,1
2,4,76,72,58,66,66,62,60,1,0,1,0,1,0
1,33,85,97,95,97,98,84,94,0,1,1,0,1,0
3,16,79,100,72,89,68,99,76,0,1,1,0,1,0
1,15,85,76,63,62,74,82,96,1,0,1,0,1,0
7,10,78,69,87,93,83,94,75,0,1,1,0,1,0
0,18,62,91,86,88,80,62,75,1,0,1,0,0,1
1,12,93,86,61,71,98,79,87,0,1,1,0,1,0
3,25,94,76,100,60,80,94,61,1,0,1,0,1,0
3,23,95,83,94,83,75,99,75,1,0,1,0,1,0
6,8,81,67,93,65,87,84,79,1,0,1,0,1,0
4,32,87,100,60,99,45,73,86,0,1,1,0,1,0
10,0,55,86,54,78,55,60,88,1,0,0,1,1,0
8,0,77,71,68,53,70,72,69,0,1,1,0,1,0
1,6,82,79,60,80,65,64,71,0,1,1,0,1,0
6,5,81,97,88,81,63,88,67,0,1,1,0,1,0
0,16,99,70,86,61,70,90,66,0,1,1,0,1,0
5,4,87,77,64,84,84,94,80,0,1,1,0,0,1
8,2,94,62,100,87,91,89,93,1,0,0,1,1,0
2,35,98,92,91,89,95,92,90,0,1,1,0,1,0
2,34,97,89,76,61,91,91,70,1,0,1,0,0,1
1,7,83,81,70,90,73,89,87,1,0,1,0,1,0
0,14,92,92,92,66,90,68,66,0,1,1,0,1,0
1,24,100,74,80,84,85,82,74,1,0,1,0,1,0
4,25,86,69,79,85,63,82,77,1,0,1,0,1,0
8,3,48,80,73,67,84,99,83,0,1,1,0,1,0
7,0,69,56,71,84,52,71,88,1,0,0,1,0,1
2,33,73,84,97,64,87,82,70,1,0,1,0,1,0
3,12,82,81,78,95,60,88,72,0,1,1,0,1,0
3,1,90,96,89,88,94,73,77,1,0,1,0,0,1
5,19,85,66,61,85,75,94,76,0,1,1,0,0,1
2,2,82,73,64,95,87,73,99,0,1,1,0,1,0
4,3,80,61,96,89,96,61,80,0,1,1,0,1,0
10,1,41,53,98,67,61,83,97,1,0,1,0,0,1
1,48,99,93,88,92,99,94,95,0,1,1,0,1,0
2,32,95,95,92,61,63,81,100,0,1,1,0,1,0
6,1,76,69,100,88,65,96,70,1,0,1,0,1,0
1,22,91,92,81,98,88,76,99,1,0,1,0,1,0
5,16,98,75,69,65,67,79,72,0,1,1,0,1,0
6,15,90,71,93,73,80,78,69,0,1,0,1,1,0
3,26,85,68,73,94,88,86,77,0,1,1,0,0,1
5,46,100,97,94,87,89,91,100,0,1,1,0,1,0
4,31,77,81,80,95,80,74,80,0,1,0,1,1,0
10,4,92,98,60,74,63,89,80,1,0,1,0,1,0
9,5,53,87,60,94,93,65,88,1,0,1,0,1,0
6,21,79,74,78,97,87,85,79,0,1,1,0,1,0
2,26,85,89,72,80,99,94,90,1,0,1,0,1,0
1,3,99,85,60,81,75,78,78,1,0,1,0,1,0
1,11,99,91,73,77,81,75,90,1,0,1,0,0,1
6,5,65,68,74,50,98,60,83,0,1,1,0,1,0
8,19,94,83,72,63,65,63,74,1,0,1,0,0,1
7,3,73,52,89,85,74,66,79,1,0,0,1,1,0
5,15,85,76,61,93,98,87,67,0,1,0,1,1,0
4,32,87,82,74,77,100,93,65,0,1,1,0,1,0
5,4,77,58,90,72,75,88,90,0,1,0,1,1,0
1,31,85,60,92,92,85,62,84,0,1,1,0,1,0
2,19,91,69,90,76,79,80,82,0,1,1,0,1,0
1,16,86,96,83,78,71,78,75,1,0,1,0,1,0
1,29,78,80,72,65,90,99,95,0,1,1,0,1,0
3,26,71,92,92,96,81,81,85,0,1,1,0,1,0
4,27,72,85,92,83,84,96,81,0,1,0,1,1,0
3,35,88,92,88,100,89,94,87,0,1,1,0,1,0
5,26,68,100,94,69,93,64,93,1,0,1,0,1,0
2,28,81,75,94,93,87,77,67,1,0,0,1,1,0
1,32,92,69,92,91,82,89,69,0,1,0,1,1,0
0,33,84,64,82,81,85,84,89,0,1,1,0,1,0
2,18,89,60,82,90,96,67,68,1,0,1,0,0,1
1,18,94,66,84,92,71,81,99,0,1,1,0,1,0
1,9,64,89,91,99,60,98,93,1,0,1,0,0,1
5,25,81,88,85,90,93,62,96,0,1,0,1,1,0
1,18,80,93,89,79,89,93,100,1,0,1,0,0,1
4,3,75,65,66,79,91,82,72,1,0,1,0,1,0
4,34,87,90,98,90,83,94,84,1,0,1,0,0,1
7,4,58,50,73,54,94,51,74,1,0,1,0,1,0
3,14,60,90,87,91,78,77,82,0,1,1,0,1,0
5,8,91,70,88,68,88,63,68,0,1,0,1,1,0
3,35,95,97,89,97,99,85,92,1,0,1,0,1,0
3,2,70,100,92,73,67,68,76,0,1,1,0,1,0
2,27,76,100,94,81,60,85,73,1,0,1,0,1,0
5,20,79,65,78,65,57,99,92,0,1,1,0,1,0
4,21,92,96,92,63,73,60,81,0,1,1,0,1,0
5,6,89,73,71,97,78,99,60,1,0,1,0,1,0
3,18,85,95,77,71,75,95,94,1,0,1,0,1,0
2,7,92,66,88,91,61,84,69,1,0,1,0,1,0
2,24,87,63,79,81,95,75,64,1,0,1,0,1,0
5,21,77,77,97,66,87,73,75,0,1,1,0,1,0
10,2,73,56,59,62,58,83,80,0,1,1,0,1,0
0,34,91,85,81,93,100,87,77,1,0,0,1,1,0
7,0,76,96,89,83,78,54,61,1,0,1,0,0,1
4,17,86,70,94,96,74,67,60,0,1,1,0,1,0
5,10,81,77,88,92,65,92,87,1,0,1,0,1,0
4,35,98,88,88,89,90,90,90,1,0,1,0,0,1
3,27,88,67,96,70,66,76,71,0,1,1,0,1,0
2,30,85,83,94,100,89,68,89,0,1,1,0,0,1
2,35,90,89,96,94,100,88,85,0,1,1,0,1,0
5,5,97,83,93,67,85,63,66,1,0,0,1,1,0
6,10,78,84,71,93,78,78,87,1,0,1,0,0,1
8,1,53,98,90,81,61,65,93,1,0,0,1,1,0
10,0,77,53,92,98,56,53,93,0,1,0,1,1,0
3,30,97,88,94,75,66,91,64,0,1,0,1,1,0
4,3,88,100,58,59,96,64,87,0,1,1,0,1,0
3,18,98,67,80,68,80,88,85,0,1,1,0,0,1
8,0,92,78,78,85,94,94,73,1,0,0,1,0,1
5,15,92,92,74,96,95,77,76,0,1,0,1,1,0
3,43,86,99,87,88,99,89,86,1,0,0,1,1,0
5,16,91,69,97,76,97,81,86,0,1,1,0,1,0
3,23,92,75,100,78,32,84,69,1,0,1,0,1,0
2,2,82,75,93,67,69,65,74,0,1,1,0,1,0
1,34,99,81,92,86,65,99,79,1,0,1,0,1,0
2,34,95,90,65,84,86,88,94,0,1,0,1,1,0
3,18,100,93,99,65,72,79,88,0,1,1,0,1,0
5,21,79,86,84,84,63,82,94,1,0,1,0,0,1
3,3,80,95,96,96,94,84,93,0,1,0,1,0,1
4,31,93,81,88,90,89,95,81,1,0,1,0,1,0
5,17,95,75,79,79,93,85,71,1,0,1,0,0,1
0,10,81,92,76,81,73,92,63,1,0,1,0,1,0
1,5,75,88,63,64,84,74,72,1,0,1,0,1,0
4,8,80,69,70,60,71,60,89,0,1,1,0,1,0
4,3,52,81,62,77,74,91,92,0,1,1,0,1,0
3,30,95,94,82,87,93,93,90,1,0,1,0,1,0
2,20,99,70,97,93,87,90,88,1,0,1,0,1,0
5,25,85,87,68,74,74,85,68,1,0,0,1,1,0
4,23,96,89,86,84,64,60,66,0,1,1,0,0,1
7,3,91,63,86,81,90,98,63,0,1,1,0,1,0
1,24,89,82,76,92,97,66,60,0,1,0,1,1,0
1,37,98,87,96,89,100,85,91,0,1,1,0,1,0
2,28,100,82,72,97,74,75,81,0,1,1,0,1,0
2,5,75,71,68,91,79,62,94,1,0,1,0,1,0
3,6,74,63,74,63,78,90,83,1,0,1,0,1,0
7,40,85,99,87,85,91,88,90,1,0,1,0,1,0
3,35,86,87,97,92,85,99,86,0,1,1,0,0,1
4,34,91,71,99,96,85,79,74,0,1,1,0,0,1
2,24,90,76,100,73,90,64,86,0,1,1,0,1,0
6,35,91,91,92,95,98,91,85,1,0,1,0,1,0
6,0,80,83,93,81,95,87,61,1,0,0,1,1,0
1,35,95,89,92,87,95,86,93,0,1,1,0,1,0
5,18,94,97,69,81,100,68,68,0,1,1,0,0,1
1,1,54,55,50,100,77,61,78,1,0,0,1,0,1
2,16,87,80,85,60,96,81,83,0,1,1,0,1,0
5,28,100,75,72,79,61,94,82,0,1,1,0,1,0
3,14,93,99,72,79,83,87,73,0,1,1,0,1,0
3,25,99,70,89,86,92,65,64,0,1,1,0,1,0
2,16,99,99,90,63,63,77,60,1,0,1,0,1,0
4,28,76,80,89,74,61,86,93,0,1,1,0,1,0
0,15,92,100,83,74,73,66,83,0,1,1,0,1,0
10,46,100,93,88,98,99,89,95,0,1,1,0,1,0
2,34,89,97,77,90,93,87,90,0,1,1,0,1,0
2,27,97,81,71,77,90,86,80,0,1,1,0,1,0
4,28,99,63,97,90,99,99,100,1,0,0,1,1,0
3,33,100,63,96,95,92,76,88,0,1,1,0,1,0
5,12,86,87,72,66,94,78,94,1,0,1,0,1,0
0,27,77,99,94,81,80,87,98,0,1,1,0,1,0
1,15,86,96,67,76,74,66,69,1,0,1,0,1,0
1,3,75,64,98,65,88,65,71,1,0,1,0,0,1
2,26,94,93,92,67,61,85,94,0,1,1,0,1,0
1,35,94,88,87,97,93,86,94,1,0,1,0,1,0
1,20,89,92,75,85,65,81,69,0,1,1,0,1,0
3,14,89,73,96,84,96,98,77,1,0,1,0,1,0
2,24,89,82,83,62,66,86,90,1,0,1,0,0,1
2,8,81,78,82,83,63,85,75,0,1,1,0,1,0
3,19,93,73,67,100,63,92,86,1,0,1,0,1,0
10,2,79,95,70,92,63,57,67,1,0,1,0,0,1
2,29,97,86,72,81,85,70,72,1,0,1,0,1,0
1,14,78,66,92,61,98,76,99,0,1,1,0,1,0
4,19,83,60,95,68,33,62,73,0,1,1,0,1,0
0,29,86,95,61,96,89,99,84,0,1,1,0,1,0
1,2,87,78,74,75,95,69,99,1,0,1,0,1,0
6,25,81,82,69,94,88,95,84,1,0,1,0,1,0
0,6,83,73,83,66,93,68,89,1,0,1,0,1,0
2,11,81,85,91,94,97,93,65,0,1,1,0,0,1
1,4,65,95,89,96,78,85,80,0,1,1,0,0,1
2,33,83,91,76,71,82,82,79,0,1,1,0,1,0
3,22,98,79,87,86,98,85,85,1,0,1,0,0,1
0,34,83,84,91,84,85,91,92,1,0,1,0,1,0
1,22,85,60,85,76,90,75,93,0,1,1,0,1,0
10,5,68,66,82,63,91,67,89,1,0,1,0,1,0
1,11,86,82,60,65,83,69,78,0,1,1,0,1,0
1,12,83,87,87,80,81,79,98,0,1,1,0,1,0
2,35,92,92,99,87,100,88,97,1,0,1,0,1,0
0,6,91,66,91,62,70,87,90,1,0,1,0,1,0
9,0,53,95,87,60,68,74,68,0,1,1,0,0,1
2,26,73,85,80,64,69,95,64,0,1,1,0,0,1
0,19,97,95,91,97,96,90,67,0,1,1,0,1,0
0,3,91,97,72,62,86,78,72,1,0,1,0,1,0
1,14,91,65,75,60,93,79,82,0,1,1,0,1,0
9,12,81,72,87,84,97,94,89,0,1,1,0,1,0
1,18,92,99,100,64,100,65,99,0,1,1,0,1,0
5,4,85,53,95,76,61,88,82,0,1,1,0,1,0
1,34,83,60,80,92,84,60,70,0,1,1,0,1,0
2,21,92,85,78,87,64,79,74,0,1,1,0,1,0
3,5,80,88,94,60,65,63,91,1,0,1,0,0,1
1,16,87,81,69,82,70,62,66,0,1,1,0,0,1
0,31,88,61,95,91,99,64,90,1,0,1,0,1,0
6,1,41,83,54,87,97,65,69,1,0,0,1,1,0
3,35,87,93,88,97,91,88,88,0,1,1,0,1,0
1,41,89,95,97,99,87,90,91,0,1,1,0,0,1
5,1,89,53,77,96,76,63,90,0,1,0,1,0,1
2,6,53,97,81,86,71,87,78,0,1,1,0,1,0
3,30,92,88,99,92,89,66,76,1,0,1,0,1,0
3,32,85,84,66,66,78,98,69,1,0,1,0,1,0
2,18,89,67,93,83,65,94,67,0,1,1,0,1,0
1,2,98,92,82,56,71,79,89,0,1,1,0,1,0
5,5,66,52,71,76,67,72,60,1,0,1,0,1,0
2,32,90,96,95,80,93,95,67,1,0,1,0,1,0
2,18,84,93,74,76,95,90,64,1,0,0,1,1,0
7,27,88,81,73,70,60,95,68,1,0,1,0,1,0
3,9,66,61,97,61,60,61,98,0,1,1,0,1,0
2,15,86,63,82,61,96,98,83,1,0,1,0,1,0
9,1,60,72,66,95,67,78,94,0,1,1,0,1,0
10,2,41,59,69,70,100,65,72,1,0,1,0,1,0
2,31,94,62,66,95,66,64,62,0,1,1,0,1,0
3,2,64,69,79,89,72,64,82,1,0,1,0,1,0
4,2,99,97,87,93,79,83,94,1,0,0,1,1,0
6,5,46,53,92,71,90,76,81,1,0,0,1,1,0
1,21,89,87,81,67,93,98,68,0,1,1,0,1,0
6,12,83,79,87,66,78,93,82,1,0,1,0,1,0
5,0,51,55,87,51,77,87,65,1,0,0,1,1,0
5,26,79,90,82,92,70,60,80,0,1,1,0,1,0
3,15,97,73,64,95,71,68,78,0,1,1,0,1,0
1,14,100,68,85,85,62,63,92,1,0,0,1,1,0
6,9,70,99,60,79,71,79,75,1,0,1,0,1,0
2,19,70,66,90,74,100,96,81,0,1,1,0,1,0
7,17,67,80,86,98,83,82,76,1,0,1,0,1,0
3,9,71,95,72,88,89,78,67,1,0,1,0,0,1
5,14,87,64,68,60,81,75,67,1,0,1,0,0,1
1,3,80,79,94,74,83,83,61,0,1,1,0,0,1
9,22,94,80,72,90,60,78,94,0,1,0,1,0,1
3,10,83,91,82,93,71,80,85,1,0,1,0,1,0
1,1,63,69,57,60,80,92,62,0,1,0,1,1,0
0,10,93,78,72,66,73,76,68,1,0,1,0,1,0
2,36,94,100,95,92,95,88,88,1,0,1,0,1,0
3,34,99,75,87,76,95,99,67,1,0,1,0,1,0
3,32,82,98,100,100,100,64,87,0,1,1,0,1,0
2,28,95,82,100,60,77,95,80,1,0,1,0,1,0
10,3,55,92,59,78,61,83,60,1,0,0,1,1,0
2,32,90,90,82,64,75,82,93,0,1,1,0,1,0
2,4,46,77,90,78,66,76,86,0,1,1,0,1,0
2,21,91,100,98,96,66,87,65,0,1,1,0,1,0
1,22,72,100,78,100,98,92,97,1,0,1,0,0,1
4,28,79,87,98,87,99,94,88,1,0,1,0,1,0
3,35,85,90,96,95,95,88,90,0,1,1,0,1,0
1,35,100,87,85,90,92,99,94,0,1,1,0,1,0
4,16,96,70,65,63,97,97,98,1,0,1,0,0,1
1,20,85,96,71,67,98,92,91,0,1,1,0,0,1
4,27,90,82,98,61,92,67,80,1,0,1,0,1,0
6,14,94,96,94,99,67,98,67,1,0,1,0,1,0
1,35,98,85,100,94,93,92,94,0,1,1,0,1,0
6,2,62,54,77,60,74,62,76,0,1,0,1,1,0
4,3,63,97,80,84,90,63,64,0,1,1,0,1,0
2,32,72,95,71,74,84,97,66,1,0,1,0,1,0
6,33,94,90,79,69,100,72,98,1,0,0,1,0,1
2,24,99,84,94,76,62,79,67,1,0,1,0,0,1
2,5,81,91,85,64,82,90,94,0,1,1,0,1,0
5,8,61,100,85,99,65,79,86,1,0,1,0,1,0
2,8,68,95,76,97,91,78,71,1,0,1,0,0,1
0,21,64,74,79,72,74,65,95,0,1,1,0,1,0
1,6,66,94,67,79,64,89,75,1,0,1,0,0,1
0,15,100,95,72,77,66,68,76,1,0,0,1,1,0
1,12,74,86,70,94,71,70,63,1,0,0,1,1,0
6,1,96,66,76,71,94,72,86,1,0,1,0,1,0
2,14,90,92,95,88,88,85,92,0,1,1,0,1,0
3,26,92,86,61,78,56,68,85,0,1,1,0,1,0
1,31,99,78,99,88,96,96,90,0,1,0,1,1,0
4,5,63,68,91,82,90,86,75,1,0,1,0,1,0
2,28,98,88,81,65,59,84,87,0,1,1,0,1,0
1,11,87,61,62,66,67,81,65,1,0,1,0,0,1
1,19,96,96,80,93,82,65,70,0,1,1,0,0,1
3,17,80,98,99,90,64,86,93,0,1,1,0,1,0
0,30,80,77,96,64,93,62,86,1,0,1,0,0,1
2,23,91,79,70,94,77,83,81,0,1,1,0,1,0
6,0,91,96,78,70,50,50,69,0,1,1,0,1,0
0,19,83,70,72,65,63,88,94,1,0,1,0,0,1
2,33,89,89,69,87,69,97,79,1,0,1,0,0,1
2,1,81,73,99,72,100,90,64,1,0,0,1,0,1
2,35,97,85,86,99,96,90,88,1,0,1,0,1,0
1,3,93,91,61,68,83,82,63,0,1,1,0,1,0
2,2,99,86,83,80,69,96,88,1,0,1,0,1,0
5,16,95,97,68,79,63,88,63,1,0,1,0,0,1
3,38,100,92,87,94,85,97,100,1,0,1,0,1,0
2,3,62,67,85,97,98,62,73,1,0,1,0,1,0
10,3,88,71,99,74,76,97,87,0,1,0,1,0,1
5,11,75,100,100,82,63,84,82,1,0,0,1,1,0
1,1,87,91,97,82,79,69,62,0,1,1,0,1,0
4,4,85,60,61,75,83,87,65,1,0,1,0,1,0
3,43,88,98,94,96,96,89,92,0,1,1,0,1,0
1,47,86,93,91,94,93,88,86,0,1,1,0,1,0
1,9,68,65,95,88,62,87,62,0,1,1,0,1,0
6,2,67,54,71,50,55,51,66,1,0,1,0,1,0
4,5,82,69,92,85,59,87,83,0,1,0,1,1,0
2,26,86,88,71,65,86,69,84,1,0,1,0,1,0
3,25,95,91,64,65,60,84,99,1,0,0,1,1,0
5,9,72,82,76,69,67,92,87,0,1,1,0,1,0
1,27,99,87,67,91,36,76,64,0,1,1,0,1,0
2,19,75,88,71,80,65,85,60,1,0,1,0,0,1
1,31,77,80,86,87,98,98,88,1,0,0,1,1,0
4,26,95,97,84,97,75,92,92,1,0,1,0,0,1
6,11,77,97,88,89,74,95,64,0,1,1,0,0,1
6,6,90,74,92,67,83,73,89,1,0,0,1,1,0
8,2,74,59,82,51,91,96,94,1,0,1,0,1,0
10,5,56,66,87,64,95,89,76,1,0,1,0,0,1
7,5,72,69,91,69,53,73,95,0,1,1,0,1,0
3,27,87,86,83,80,90,90,61,1,0,1,0,1,0
2,30,80,81,96,92,100,91,87,1,0,1,0,1,0
5,21,98,72,64,68,76,84,72,0,1,1,0,1,0
0,8,83,91,69,74,98,86,76,1,0,1,0,1,0
2,21,92,77,91,79,98,77,87,1,0,1,0,1,0
3,18,79,68,64,68,97,78,84,0,1,0,1,1,0
4,3,72,81,89,92,88,87,82,0,1,1,0,1,0
1,32,89,74,94,87,92,82,79,0,1,1,0,1,0
6,8,97,91,61,75,95,61,89,1,0,1,0,1,0
2,3,66,63,95,76,71,99,73,0,1,1,0,1,0
2,17,77,86,97,85,77,88,93,0,1,1,0,1,0
0,17,98,63,64,82,64,96,79,0,1,1,0,1,0
4,27,88,96,79,70,95,90,99,1,0,1,0,1,0
2,12,79,83,76,99,100,84,71,0,1,1,0,0,1
3,46,92,92,91,95,88,94,93,0,1,1,0,1,0
1,19,76,62,90,82,93,71,61,0,1,1,0,1,0
2,30,83,77,84,73,75,84,82,0,1,1,0,1,0
2,20,89,65,73,80,87,67,73,0,1,1,0,1,0
5,14,97,85,63,93,68,94,78,1,0,1,0,1,0
10,5,51,96,72,89,95,88,75,1,0,0,1,0,1
5,27,82,99,91,69,83,93,100,1,0,1,0,1,0
